-- phpMyAdmin SQL Dump
-- version 4.4.12
-- http://www.phpmyadmin.net
--
-- Host: 127.0.0.1
-- Generation Time: May 23, 2017 at 09:18 PM
-- Server version: 5.6.25
-- PHP Version: 5.6.11

SET SQL_MODE = "NO_AUTO_VALUE_ON_ZERO";
SET time_zone = "+00:00";


/*!40101 SET @OLD_CHARACTER_SET_CLIENT=@@CHARACTER_SET_CLIENT */;
/*!40101 SET @OLD_CHARACTER_SET_RESULTS=@@CHARACTER_SET_RESULTS */;
/*!40101 SET @OLD_COLLATION_CONNECTION=@@COLLATION_CONNECTION */;
/*!40101 SET NAMES utf8mb4 */;

--
-- Database: `doh_tsekap_offline`
--

-- --------------------------------------------------------

--
-- Table structure for table `barangay`
--

DROP TABLE IF EXISTS `barangay`;
CREATE TABLE IF NOT EXISTS `barangay` (
  `id` int(10) unsigned NOT NULL,
  `province_id` int(11) NOT NULL,
  `muncity_id` int(11) NOT NULL,
  `description` varchar(255) COLLATE utf8_unicode_ci NOT NULL,
  `target` int(11) NOT NULL,
  `created_at` timestamp NULL DEFAULT NULL,
  `updated_at` timestamp NULL DEFAULT NULL
) ENGINE=InnoDB AUTO_INCREMENT=3008 DEFAULT CHARSET=utf8 COLLATE=utf8_unicode_ci;

--
-- Dumping data for table `barangay`
--

INSERT INTO `barangay` (`id`, `province_id`, `muncity_id`, `description`, `target`, `created_at`, `updated_at`) VALUES
(1, 1, 1, 'Bahi', 112, NULL, NULL),
(2, 1, 1, 'Basacdacu', 168, NULL, NULL),
(3, 1, 1, 'Cantiguib', 140, NULL, NULL),
(4, 1, 1, 'Dangay', 148, NULL, NULL),
(5, 1, 1, 'East Poblacion', 320, NULL, NULL),
(6, 1, 1, 'Ponong', 216, NULL, NULL),
(7, 1, 1, 'San Agustin', 76, NULL, NULL),
(8, 1, 1, 'Santa Filomena', 72, NULL, NULL),
(9, 1, 1, 'Tagbuane', 128, NULL, NULL),
(10, 1, 1, 'Toril', 144, NULL, NULL),
(11, 1, 1, 'West Poblacion', 132, NULL, NULL),
(12, 1, 2, 'Cabatang', 340, NULL, NULL),
(13, 1, 2, 'Cagongcagong', 276, NULL, NULL),
(14, 1, 2, 'Cambaol', 564, NULL, NULL),
(15, 1, 2, 'Cayacay', 968, NULL, NULL),
(16, 1, 2, 'Del Monte', 448, NULL, NULL),
(17, 1, 2, 'Katipunan', 976, NULL, NULL),
(18, 1, 2, 'La Hacienda', 1704, NULL, NULL),
(19, 1, 2, 'Mahayag', 360, NULL, NULL),
(20, 1, 2, 'Napo', 516, NULL, NULL),
(21, 1, 2, 'Pagahat', 224, NULL, NULL),
(22, 1, 2, 'Poblacion (calingganay)', 1264, NULL, NULL),
(23, 1, 2, 'Progreso', 388, NULL, NULL),
(24, 1, 2, 'Putlongcam', 760, NULL, NULL),
(25, 1, 2, 'Sudlon (omhor)', 332, NULL, NULL),
(26, 1, 2, 'Untaga', 876, NULL, NULL),
(27, 1, 3, 'Almaria', 164, NULL, NULL),
(28, 1, 3, 'Bacong', 648, NULL, NULL),
(29, 1, 3, 'Badiang', 420, NULL, NULL),
(30, 1, 3, 'Buenasuerte', 168, NULL, NULL),
(31, 1, 3, 'Candabong', 748, NULL, NULL),
(32, 1, 3, 'Casica', 144, NULL, NULL),
(33, 1, 3, 'Katipunan', 228, NULL, NULL),
(34, 1, 3, 'Linawan', 352, NULL, NULL),
(35, 1, 3, 'Lundag', 436, NULL, NULL),
(36, 1, 3, 'Poblacion', 204, NULL, NULL),
(37, 1, 3, 'Santa Cruz', 424, NULL, NULL),
(38, 1, 3, 'Suba', 156, NULL, NULL),
(39, 1, 3, 'Talisay', 380, NULL, NULL),
(40, 1, 3, 'Tanod', 212, NULL, NULL),
(41, 1, 3, 'Tawid', 300, NULL, NULL),
(42, 1, 3, 'Virgen', 508, NULL, NULL),
(43, 1, 4, 'Angilan', 220, NULL, NULL),
(44, 1, 4, 'Bantolinao', 296, NULL, NULL),
(45, 1, 4, 'Bicahan', 160, NULL, NULL),
(46, 1, 4, 'Bitaugan', 68, NULL, NULL),
(47, 1, 4, 'Bungahan', 84, NULL, NULL),
(48, 1, 4, 'Canlaas', 160, NULL, NULL),
(49, 1, 4, 'Can-omay', 84, NULL, NULL),
(50, 1, 4, 'Cansibuan', 128, NULL, NULL),
(51, 1, 4, 'Celing', 40, NULL, NULL),
(52, 1, 4, 'Danao', 84, NULL, NULL),
(53, 1, 4, 'Danicop', 76, NULL, NULL),
(54, 1, 4, 'Mag-aso', 88, NULL, NULL),
(55, 1, 4, 'Poblacion', 72, NULL, NULL),
(56, 1, 4, 'Quinapon-an', 56, NULL, NULL),
(57, 1, 4, 'Santo Rosario', 184, NULL, NULL),
(58, 1, 4, 'Tabuan', 184, NULL, NULL),
(59, 1, 4, 'Tagubaas', 64, NULL, NULL),
(60, 1, 4, 'Tupas', 116, NULL, NULL),
(61, 1, 4, 'Ubojan', 64, NULL, NULL),
(62, 1, 4, 'Viga', 168, NULL, NULL),
(63, 1, 4, 'Villa Aurora (canoc-oc)', 56, NULL, NULL),
(64, 1, 5, 'Buenaventura', 156, NULL, NULL),
(65, 1, 5, 'Cambanac', 108, NULL, NULL),
(66, 1, 5, 'Dasitam', 232, NULL, NULL),
(67, 1, 5, 'Guiwanon', 236, NULL, NULL),
(68, 1, 5, 'Landican', 116, NULL, NULL),
(69, 1, 5, 'Laya', 144, NULL, NULL),
(70, 1, 5, 'Libertad', 188, NULL, NULL),
(71, 1, 5, 'Montana', 228, NULL, NULL),
(72, 1, 5, 'Pamilacan', 448, NULL, NULL),
(73, 1, 5, 'Payahan', 284, NULL, NULL),
(74, 1, 5, 'Poblacion', 212, NULL, NULL),
(75, 1, 5, 'San Isidro', 204, NULL, NULL),
(76, 1, 5, 'San Roque', 228, NULL, NULL),
(77, 1, 5, 'San Vicente', 116, NULL, NULL),
(78, 1, 5, 'Santa Cruz', 204, NULL, NULL),
(79, 1, 5, 'Taguihon', 168, NULL, NULL),
(80, 1, 5, 'Tanday', 256, NULL, NULL),
(81, 1, 6, 'Baucan Norte', 212, NULL, NULL),
(82, 1, 6, 'Baucan Sur', 208, NULL, NULL),
(83, 1, 6, 'Boctol', 400, NULL, NULL),
(84, 1, 6, 'Boyog Norte', 92, NULL, NULL),
(85, 1, 6, 'Boyog Proper', 96, NULL, NULL),
(86, 1, 6, 'Boyog Sur', 144, NULL, NULL),
(87, 1, 6, 'Cabad', 84, NULL, NULL),
(88, 1, 6, 'Candasig', 96, NULL, NULL),
(89, 1, 6, 'Cantalid', 144, NULL, NULL),
(90, 1, 6, 'Cantomimbo', 204, NULL, NULL),
(91, 1, 6, 'Cogon', 204, NULL, NULL),
(92, 1, 6, 'Datag Norte', 192, NULL, NULL),
(93, 1, 6, 'Datag Sur', 84, NULL, NULL),
(94, 1, 6, 'Del Carmen Este (pob.)', 80, NULL, NULL),
(95, 1, 6, 'Del Carmen Norte (pob.)', 64, NULL, NULL),
(96, 1, 6, 'Del Carmen Sur (pob.)', 60, NULL, NULL),
(97, 1, 6, 'Del Carmen Weste (pob.)', 108, NULL, NULL),
(98, 1, 6, 'Del Rosario', 24, NULL, NULL),
(99, 1, 6, 'Dorol', 204, NULL, NULL),
(100, 1, 6, 'Haguilanan Grande', 248, NULL, NULL),
(101, 1, 6, 'Hanopol Este', 52, NULL, NULL),
(102, 1, 6, 'Hanopol Norte', 112, NULL, NULL),
(103, 1, 6, 'Hanopol Weste', 48, NULL, NULL),
(104, 1, 6, 'Magsija', 160, NULL, NULL),
(105, 1, 6, 'Maslog', 188, NULL, NULL),
(106, 1, 6, 'Sagasa', 148, NULL, NULL),
(107, 1, 6, 'Sal-ing', 112, NULL, NULL),
(108, 1, 6, 'San Isidro', 116, NULL, NULL),
(109, 1, 6, 'San Roque', 68, NULL, NULL),
(110, 1, 6, 'Santo Niño', 160, NULL, NULL),
(111, 1, 6, 'Tagustusan', 232, NULL, NULL),
(112, 1, 7, 'Aloja', 212, NULL, NULL),
(113, 1, 7, 'Behind The Clouds (san Jose)', 176, NULL, NULL),
(114, 1, 7, 'Cabacnitan', 340, NULL, NULL),
(115, 1, 7, 'Cambacay', 260, NULL, NULL),
(116, 1, 7, 'Cantigdas', 260, NULL, NULL),
(117, 1, 7, 'Garcia', 232, NULL, NULL),
(118, 1, 7, 'Janlud', 296, NULL, NULL),
(119, 1, 7, 'Poblacion Norte', 420, NULL, NULL),
(120, 1, 7, 'Poblacion Sur', 256, NULL, NULL),
(121, 1, 7, 'Poblacion Vieja (longsudaan)', 224, NULL, NULL),
(122, 1, 7, 'Quezon', 220, NULL, NULL),
(123, 1, 7, 'Quirino', 176, NULL, NULL),
(124, 1, 7, 'Rizal', 676, NULL, NULL),
(125, 1, 7, 'Rosariohan', 360, NULL, NULL),
(126, 1, 7, 'Santa Cruz', 436, NULL, NULL),
(127, 1, 8, 'Bilangbilangan Dako', 1288, NULL, NULL),
(128, 1, 8, 'Bilangbilangan Diot', 448, NULL, NULL),
(129, 1, 8, 'Hingotanan East', 996, NULL, NULL),
(130, 1, 8, 'Hingotanan West', 1028, NULL, NULL),
(131, 1, 8, 'Liberty', 484, NULL, NULL),
(132, 1, 8, 'Malingin', 956, NULL, NULL),
(133, 1, 8, 'Mandawa', 1200, NULL, NULL),
(134, 1, 8, 'Maomawan', 964, NULL, NULL),
(135, 1, 8, 'Nueva Esperanza', 1216, NULL, NULL),
(136, 1, 8, 'Nueva Estrella', 772, NULL, NULL),
(137, 1, 8, 'Pinamgo', 1480, NULL, NULL),
(138, 1, 8, 'Poblacion (bien Unido)', 1084, NULL, NULL),
(139, 1, 8, 'Puerto San Pedro', 532, NULL, NULL),
(140, 1, 8, 'Sagasa', 964, NULL, NULL),
(141, 1, 8, 'Tuboran', 320, NULL, NULL),
(142, 1, 9, 'Bonifacio', 92, NULL, NULL),
(143, 1, 9, 'Bugang Norte', 176, NULL, NULL),
(144, 1, 9, 'Bugang Sur', 296, NULL, NULL),
(145, 1, 9, 'Cabacnitan (magsaysay)', 284, NULL, NULL),
(146, 1, 9, 'Cambigsi', 260, NULL, NULL),
(147, 1, 9, 'Campagao', 340, NULL, NULL),
(148, 1, 9, 'Cansumbol', 284, NULL, NULL),
(149, 1, 9, 'Dagohoy', 316, NULL, NULL),
(150, 1, 9, 'Owac', 304, NULL, NULL),
(151, 1, 9, 'Poblacion', 92, NULL, NULL),
(152, 1, 9, 'Quezon', 120, NULL, NULL),
(153, 1, 9, 'Riverside', 248, NULL, NULL),
(154, 1, 9, 'Rizal', 140, NULL, NULL),
(155, 1, 9, 'Roxas', 276, NULL, NULL),
(156, 1, 9, 'Subayon', 412, NULL, NULL),
(157, 1, 9, 'Villa Aurora', 120, NULL, NULL),
(158, 1, 9, 'Villa Suerte', 68, NULL, NULL),
(159, 1, 9, 'Yanaya', 440, NULL, NULL),
(160, 1, 9, 'Zamora', 292, NULL, NULL),
(161, 1, 10, 'Anonang', 192, NULL, NULL),
(162, 1, 10, 'Asinan', 272, NULL, NULL),
(163, 1, 10, 'Bago', 388, NULL, NULL),
(164, 1, 10, 'Baluarte', 216, NULL, NULL),
(165, 1, 10, 'Bantuan', 404, NULL, NULL),
(166, 1, 10, 'Bato', 252, NULL, NULL),
(167, 1, 10, 'Bonotbonot', 380, NULL, NULL),
(168, 1, 10, 'Bugaong', 192, NULL, NULL),
(169, 1, 10, 'Cambuhat', 476, NULL, NULL),
(170, 1, 10, 'Cambus-oc', 452, NULL, NULL),
(171, 1, 10, 'Cangawa', 316, NULL, NULL),
(172, 1, 10, 'Cantomugcad', 92, NULL, NULL),
(173, 1, 10, 'Cantores', 364, NULL, NULL),
(174, 1, 10, 'Cantuba', 472, NULL, NULL),
(175, 1, 10, 'Catigbian', 340, NULL, NULL),
(176, 1, 10, 'Cawag', 360, NULL, NULL),
(177, 1, 10, 'Cruz', 448, NULL, NULL),
(178, 1, 10, 'Dait', 316, NULL, NULL),
(179, 1, 10, 'Eastern Cabul-an', 976, NULL, NULL),
(180, 1, 10, 'Hunan', 300, NULL, NULL),
(181, 1, 10, 'Lapacan Norte', 164, NULL, NULL),
(182, 1, 10, 'Lapacan Sur', 184, NULL, NULL),
(183, 1, 10, 'Lubang', 652, NULL, NULL),
(184, 1, 10, 'Lusong (plateau)', 412, NULL, NULL),
(185, 1, 10, 'Magkaya', 372, NULL, NULL),
(186, 1, 10, 'Merryland', 136, NULL, NULL),
(187, 1, 10, 'Nueva Granada', 364, NULL, NULL),
(188, 1, 10, 'Nueva Montana', 324, NULL, NULL),
(189, 1, 10, 'Overland', 492, NULL, NULL),
(190, 1, 10, 'Panghagban', 524, NULL, NULL),
(191, 1, 10, 'Poblacion', 244, NULL, NULL),
(192, 1, 10, 'Puting Bato', 220, NULL, NULL),
(193, 1, 10, 'Rufo Hill', 484, NULL, NULL),
(194, 1, 10, 'Sweetland', 292, NULL, NULL),
(195, 1, 10, 'Western Cabul-an', 816, NULL, NULL),
(196, 1, 11, 'Abucayan Norte', 512, NULL, NULL),
(197, 1, 11, 'Abucayan Sur', 284, NULL, NULL),
(198, 1, 11, 'Banlasan', 356, NULL, NULL),
(199, 1, 11, 'Bentig', 568, NULL, NULL),
(200, 1, 11, 'Binogawan', 100, NULL, NULL),
(201, 1, 11, 'Bonbon', 504, NULL, NULL),
(202, 1, 11, 'Cabayugan', 320, NULL, NULL),
(203, 1, 11, 'Cabudburan', 188, NULL, NULL),
(204, 1, 11, 'Calunasan', 212, NULL, NULL),
(205, 1, 11, 'Camias', 220, NULL, NULL),
(206, 1, 11, 'Canguha', 132, NULL, NULL),
(207, 1, 11, 'Catmonan', 344, NULL, NULL),
(208, 1, 11, 'Desamparados (pob.)', 160, NULL, NULL),
(209, 1, 11, 'Kahayag', 160, NULL, NULL),
(210, 1, 11, 'Kinabag-an', 124, NULL, NULL),
(211, 1, 11, 'Labuon', 116, NULL, NULL),
(212, 1, 11, 'Lawis', 212, NULL, NULL),
(213, 1, 11, 'Liboron', 372, NULL, NULL),
(214, 1, 11, 'Lomboy', 68, NULL, NULL),
(215, 1, 11, 'Lo-oc', 108, NULL, NULL),
(216, 1, 11, 'Lucob', 456, NULL, NULL),
(217, 1, 11, 'Madangog', 236, NULL, NULL),
(218, 1, 11, 'Magtongtong', 140, NULL, NULL),
(219, 1, 11, 'Mandaug', 448, NULL, NULL),
(220, 1, 11, 'Mantatao', 484, NULL, NULL),
(221, 1, 11, 'Sampoangon', 208, NULL, NULL),
(222, 1, 11, 'San Isidro', 940, NULL, NULL),
(223, 1, 11, 'Santa Cruz (pob.)', 368, NULL, NULL),
(224, 1, 11, 'Sojoton', 352, NULL, NULL),
(225, 1, 11, 'Talisay', 108, NULL, NULL),
(226, 1, 11, 'Tinibgan', 332, NULL, NULL),
(227, 1, 11, 'Tultugan', 300, NULL, NULL),
(228, 1, 11, 'Ulbujan', 720, NULL, NULL),
(229, 1, 12, 'Abihilan', 376, NULL, NULL),
(230, 1, 12, 'Anoling', 596, NULL, NULL),
(231, 1, 12, 'Boyo-an', 448, NULL, NULL),
(232, 1, 12, 'Cadapdapan', 540, NULL, NULL),
(233, 1, 12, 'Cambane', 232, NULL, NULL),
(234, 1, 12, 'Canawa', 700, NULL, NULL),
(235, 1, 12, 'Can-olin', 716, NULL, NULL),
(236, 1, 12, 'Cogtong', 616, NULL, NULL),
(237, 1, 12, 'La Union', 444, NULL, NULL),
(238, 1, 12, 'Luan', 416, NULL, NULL),
(239, 1, 12, 'Lungsoda-an', 488, NULL, NULL),
(240, 1, 12, 'Mahangin', 344, NULL, NULL),
(241, 1, 12, 'Pagahat', 152, NULL, NULL),
(242, 1, 12, 'Panadtaran', 252, NULL, NULL),
(243, 1, 12, 'Panas', 704, NULL, NULL),
(244, 1, 12, 'Poblacion', 996, NULL, NULL),
(245, 1, 12, 'San Isidro', 452, NULL, NULL),
(246, 1, 12, 'Tambongan', 624, NULL, NULL),
(247, 1, 12, 'Tawid', 424, NULL, NULL),
(248, 1, 12, 'Tubod (tres Rosas)', 352, NULL, NULL),
(249, 1, 12, 'Tugas', 580, NULL, NULL),
(250, 1, 13, 'Alegria', 596, NULL, NULL),
(251, 1, 13, 'Bicao', 1040, NULL, NULL),
(252, 1, 13, 'Buenavista', 1144, NULL, NULL),
(253, 1, 13, 'Buenos Aires', 224, NULL, NULL),
(254, 1, 13, 'Calatrava', 1092, NULL, NULL),
(255, 1, 13, 'El Progreso', 452, NULL, NULL),
(256, 1, 13, 'El Salvador', 272, NULL, NULL),
(257, 1, 13, 'Guadalupe', 864, NULL, NULL),
(258, 1, 13, 'Katipunan', 1168, NULL, NULL),
(259, 1, 13, 'La Libertad', 248, NULL, NULL),
(260, 1, 13, 'La Paz', 456, NULL, NULL),
(261, 1, 13, 'La Salvacion', 400, NULL, NULL),
(262, 1, 13, 'La Victoria', 316, NULL, NULL),
(263, 1, 13, 'Matin-ao', 400, NULL, NULL),
(264, 1, 13, 'Montehermoso', 484, NULL, NULL),
(265, 1, 13, 'Montesuerte', 1352, NULL, NULL),
(266, 1, 13, 'Montesunting', 420, NULL, NULL),
(267, 1, 13, 'Montevideo', 520, NULL, NULL),
(268, 1, 13, 'Nueva Fuerza', 1092, NULL, NULL),
(269, 1, 13, 'Nueva Vida Este', 384, NULL, NULL),
(270, 1, 13, 'Nueva Vida Norte', 280, NULL, NULL),
(271, 1, 13, 'Nueva Vida Sur', 408, NULL, NULL),
(272, 1, 13, 'Poblacion Norte', 932, NULL, NULL),
(273, 1, 13, 'Poblacion Sur', 420, NULL, NULL),
(274, 1, 13, 'Tambo-an', 376, NULL, NULL),
(275, 1, 13, 'Vallehermoso', 764, NULL, NULL),
(276, 1, 13, 'Villaflor', 456, NULL, NULL),
(277, 1, 13, 'Villafuerte', 688, NULL, NULL),
(278, 1, 13, 'Villarcayo', 664, NULL, NULL),
(279, 1, 14, 'Alegria', 320, NULL, NULL),
(280, 1, 14, 'Ambuan', 464, NULL, NULL),
(281, 1, 14, 'Baang', 452, NULL, NULL),
(282, 1, 14, 'Bagtic', 356, NULL, NULL),
(283, 1, 14, 'Bongbong', 148, NULL, NULL),
(284, 1, 14, 'Cambailan', 232, NULL, NULL),
(285, 1, 14, 'Candumayao', 356, NULL, NULL),
(286, 1, 14, 'Causwagan Norte', 468, NULL, NULL),
(287, 1, 14, 'Hagbuaya', 260, NULL, NULL),
(288, 1, 14, 'Haguilanan', 220, NULL, NULL),
(289, 1, 14, 'Kang-iras', 248, NULL, NULL),
(290, 1, 14, 'Libertad Sur', 152, NULL, NULL),
(291, 1, 14, 'Liboron', 332, NULL, NULL),
(292, 1, 14, 'Mahayag Norte', 224, NULL, NULL),
(293, 1, 14, 'Mahayag Sur', 88, NULL, NULL),
(294, 1, 14, 'Maitum', 288, NULL, NULL),
(295, 1, 14, 'Mantasida', 336, NULL, NULL),
(296, 1, 14, 'Poblacion', 324, NULL, NULL),
(297, 1, 14, 'Poblacion Weste', 276, NULL, NULL),
(298, 1, 14, 'Rizal', 176, NULL, NULL),
(299, 1, 14, 'Sinakayanan', 244, NULL, NULL),
(300, 1, 14, 'Triple Union', 256, NULL, NULL),
(301, 1, 15, 'Bacani', 644, NULL, NULL),
(302, 1, 15, 'Bogtongbod', 664, NULL, NULL),
(303, 1, 15, 'Bonbon', 480, NULL, NULL),
(304, 1, 15, 'Bontud', 324, NULL, NULL),
(305, 1, 15, 'Buacao', 236, NULL, NULL),
(306, 1, 15, 'Buangan', 300, NULL, NULL),
(307, 1, 15, 'Cabog', 472, NULL, NULL),
(308, 1, 15, 'Caboy', 220, NULL, NULL),
(309, 1, 15, 'Caluwasan', 96, NULL, NULL),
(310, 1, 15, 'Candajec', 460, NULL, NULL),
(311, 1, 15, 'Cantoyoc', 168, NULL, NULL),
(312, 1, 15, 'Comaang', 236, NULL, NULL),
(313, 1, 15, 'Danahao', 356, NULL, NULL),
(314, 1, 15, 'Katipunan', 196, NULL, NULL),
(315, 1, 15, 'Lajog', 344, NULL, NULL),
(316, 1, 15, 'Mataub', 344, NULL, NULL),
(317, 1, 15, 'Nahawan', 1024, NULL, NULL),
(318, 1, 15, 'Poblacion Centro', 308, NULL, NULL),
(319, 1, 15, 'Poblacion Norte', 244, NULL, NULL),
(320, 1, 15, 'Poblacion Sur', 308, NULL, NULL),
(321, 1, 15, 'Tangaran', 272, NULL, NULL),
(322, 1, 15, 'Tontunan', 300, NULL, NULL),
(323, 1, 15, 'Tubod', 276, NULL, NULL),
(324, 1, 15, 'Villaflor', 176, NULL, NULL),
(325, 1, 16, 'Anislag', 176, NULL, NULL),
(326, 1, 16, 'Canangca-an', 100, NULL, NULL),
(327, 1, 16, 'Canapnapan', 148, NULL, NULL),
(328, 1, 16, 'Cancatac', 136, NULL, NULL),
(329, 1, 16, 'Pandol', 52, NULL, NULL),
(330, 1, 16, 'Poblacion', 72, NULL, NULL),
(331, 1, 16, 'Sambog', 180, NULL, NULL),
(332, 1, 16, 'Tanday', 164, NULL, NULL),
(333, 1, 17, 'De La Paz', 492, NULL, NULL),
(334, 1, 17, 'Fatima', 168, NULL, NULL),
(335, 1, 17, 'Loreto', 332, NULL, NULL),
(336, 1, 17, 'Lourdes', 464, NULL, NULL),
(337, 1, 17, 'Malayo Norte', 188, NULL, NULL),
(338, 1, 17, 'Malayo Sur', 120, NULL, NULL),
(339, 1, 17, 'Monserrat', 108, NULL, NULL),
(340, 1, 17, 'New Lourdes', 260, NULL, NULL),
(341, 1, 17, 'Patrocinio', 140, NULL, NULL),
(342, 1, 17, 'Poblacion', 116, NULL, NULL),
(343, 1, 17, 'Rosario', 124, NULL, NULL),
(344, 1, 17, 'Salvador', 140, NULL, NULL),
(345, 1, 17, 'San Roque', 304, NULL, NULL),
(346, 1, 17, 'Upper De La Paz', 228, NULL, NULL),
(347, 1, 18, 'Babag', 388, NULL, NULL),
(348, 1, 18, 'Cagawasan', 452, NULL, NULL),
(349, 1, 18, 'Cagawitan', 336, NULL, NULL),
(350, 1, 18, 'Caluasan', 744, NULL, NULL),
(351, 1, 18, 'Candelaria', 468, NULL, NULL),
(352, 1, 18, 'Can-oling', 356, NULL, NULL),
(353, 1, 18, 'Estaca', 284, NULL, NULL),
(354, 1, 18, 'La Esperanza', 428, NULL, NULL),
(355, 1, 18, 'Mahayag', 380, NULL, NULL),
(356, 1, 18, 'Malitbog', 536, NULL, NULL),
(357, 1, 18, 'Poblacion', 592, NULL, NULL),
(358, 1, 18, 'San Miguel', 1220, NULL, NULL),
(359, 1, 18, 'San Vicente', 428, NULL, NULL),
(360, 1, 18, 'Santa Cruz', 280, NULL, NULL),
(361, 1, 18, 'Villa Aurora', 220, NULL, NULL),
(362, 1, 19, 'Cabatuan', 856, NULL, NULL),
(363, 1, 19, 'Cantubod', 404, NULL, NULL),
(364, 1, 19, 'Carbon', 188, NULL, NULL),
(365, 1, 19, 'Concepcion', 796, NULL, NULL),
(366, 1, 19, 'Dagohoy', 388, NULL, NULL),
(367, 1, 19, 'Hibale', 368, NULL, NULL),
(368, 1, 19, 'Magtangtang', 620, NULL, NULL),
(369, 1, 19, 'Nahud', 476, NULL, NULL),
(370, 1, 19, 'Poblacion', 820, NULL, NULL),
(371, 1, 19, 'Remedios', 600, NULL, NULL),
(372, 1, 19, 'San Carlos', 716, NULL, NULL),
(373, 1, 19, 'San Miguel', 272, NULL, NULL),
(374, 1, 19, 'Santa Fe', 136, NULL, NULL),
(375, 1, 19, 'Santo Niño', 328, NULL, NULL),
(376, 1, 19, 'Tabok', 524, NULL, NULL),
(377, 1, 19, 'Taming', 536, NULL, NULL),
(378, 1, 19, 'Villa Anunciado', 80, NULL, NULL),
(379, 1, 20, 'Biking', 572, NULL, NULL),
(380, 1, 20, 'Bingag', 612, NULL, NULL),
(381, 1, 20, 'Catarman', 736, NULL, NULL),
(382, 1, 20, 'Dao', 0, NULL, NULL),
(383, 1, 20, 'Mariveles', 500, NULL, NULL),
(384, 1, 20, 'Mayacabac', 792, NULL, NULL),
(385, 1, 20, 'Poblacion', 232, NULL, NULL),
(386, 1, 20, 'San Isidro (canlongon)', 220, NULL, NULL),
(387, 1, 20, 'Songculan', 252, NULL, NULL),
(388, 1, 20, 'Tabalong', 176, NULL, NULL),
(389, 1, 20, 'Tinago', 496, NULL, NULL),
(390, 1, 20, 'Totolan', 1188, NULL, NULL),
(391, 1, 21, 'Abihid', 124, NULL, NULL),
(392, 1, 21, 'Alemania', 44, NULL, NULL),
(393, 1, 21, 'Baguhan', 148, NULL, NULL),
(394, 1, 21, 'Bakilid', 44, NULL, NULL),
(395, 1, 21, 'Balbalan', 80, NULL, NULL),
(396, 1, 21, 'Banban', 112, NULL, NULL),
(397, 1, 21, 'Bauhugan', 112, NULL, NULL),
(398, 1, 21, 'Bilisan', 24, NULL, NULL),
(399, 1, 21, 'Cabagakian', 212, NULL, NULL),
(400, 1, 21, 'Cabanbanan', 152, NULL, NULL),
(401, 1, 21, 'Cadap-agan', 176, NULL, NULL),
(402, 1, 21, 'Cambacol', 84, NULL, NULL),
(403, 1, 21, 'Cambayaon', 140, NULL, NULL),
(404, 1, 21, 'Canhayupon', 216, NULL, NULL),
(405, 1, 21, 'Canlambong', 188, NULL, NULL),
(406, 1, 21, 'Casingan', 56, NULL, NULL),
(407, 1, 21, 'Catugasan', 80, NULL, NULL),
(408, 1, 21, 'Datag', 40, NULL, NULL),
(409, 1, 21, 'Guindaguitan', 160, NULL, NULL),
(410, 1, 21, 'Guingoyuran', 164, NULL, NULL),
(411, 1, 21, 'Ile', 60, NULL, NULL),
(412, 1, 21, 'Lapsaon', 180, NULL, NULL),
(413, 1, 21, 'Limokon Ilaod', 188, NULL, NULL),
(414, 1, 21, 'Limokon Ilaya', 352, NULL, NULL),
(415, 1, 21, 'Luyo', 92, NULL, NULL),
(416, 1, 21, 'Malijao', 84, NULL, NULL),
(417, 1, 21, 'Oac', 328, NULL, NULL),
(418, 1, 21, 'Pagsa', 156, NULL, NULL),
(419, 1, 21, 'Pangihawan', 52, NULL, NULL),
(420, 1, 21, 'Puangyuta', 80, NULL, NULL),
(421, 1, 21, 'Sawang', 40, NULL, NULL),
(422, 1, 21, 'Tangohay', 92, NULL, NULL),
(423, 1, 21, 'Taongon Cabatuan', 80, NULL, NULL),
(424, 1, 21, 'Taongon Can-andam', 88, NULL, NULL),
(425, 1, 21, 'Tawid Bitaog', 56, NULL, NULL),
(426, 1, 22, 'Alejawan', 204, NULL, NULL),
(427, 1, 22, 'Angilan', 168, NULL, NULL),
(428, 1, 22, 'Anibongan', 232, NULL, NULL),
(429, 1, 22, 'Bangwalog', 500, NULL, NULL),
(430, 1, 22, 'Cansuhay', 256, NULL, NULL),
(431, 1, 22, 'Danao', 276, NULL, NULL),
(432, 1, 22, 'Duay', 168, NULL, NULL),
(433, 1, 22, 'Guinsularan', 412, NULL, NULL),
(434, 1, 22, 'Imelda', 276, NULL, NULL),
(435, 1, 22, 'Itum', 248, NULL, NULL),
(436, 1, 22, 'Langkis', 208, NULL, NULL),
(437, 1, 22, 'Lobogon', 456, NULL, NULL),
(438, 1, 22, 'Madua Norte', 104, NULL, NULL),
(439, 1, 22, 'Madua Sur', 192, NULL, NULL),
(440, 1, 22, 'Mambool', 200, NULL, NULL),
(441, 1, 22, 'Mawi', 56, NULL, NULL),
(442, 1, 22, 'Payao', 196, NULL, NULL),
(443, 1, 22, 'San Antonio (pob.)', 224, NULL, NULL),
(444, 1, 22, 'San Isidro', 208, NULL, NULL),
(445, 1, 22, 'San Pedro', 296, NULL, NULL),
(446, 1, 22, 'Taytay', 264, NULL, NULL),
(447, 1, 23, 'Abijilan', 552, NULL, NULL),
(448, 1, 23, 'Antipolo', 200, NULL, NULL),
(449, 1, 23, 'Basiao', 140, NULL, NULL),
(450, 1, 23, 'Cagwang', 92, NULL, NULL),
(451, 1, 23, 'Calma', 156, NULL, NULL),
(452, 1, 23, 'Cambuyo', 220, NULL, NULL),
(453, 1, 23, 'Canayaon East', 76, NULL, NULL),
(454, 1, 23, 'Canayaon West', 124, NULL, NULL),
(455, 1, 23, 'Candanas', 176, NULL, NULL),
(456, 1, 23, 'Candulao', 140, NULL, NULL),
(457, 1, 23, 'Catmon', 48, NULL, NULL),
(458, 1, 23, 'Cayam', 392, NULL, NULL),
(459, 1, 23, 'Cupa', 28, NULL, NULL),
(460, 1, 23, 'Datag', 476, NULL, NULL),
(461, 1, 23, 'Estaca', 28, NULL, NULL),
(462, 1, 23, 'Libertad', 140, NULL, NULL),
(463, 1, 23, 'Lungsodaan East', 176, NULL, NULL),
(464, 1, 23, 'Lungsodaan West', 264, NULL, NULL),
(465, 1, 23, 'Malinao', 288, NULL, NULL),
(466, 1, 23, 'Manaba', 388, NULL, NULL),
(467, 1, 23, 'Pasong', 220, NULL, NULL),
(468, 1, 23, 'Poblacion East', 252, NULL, NULL),
(469, 1, 23, 'Poblacion West', 104, NULL, NULL),
(470, 1, 23, 'Sacaon', 196, NULL, NULL),
(471, 1, 23, 'Sampong', 92, NULL, NULL),
(472, 1, 23, 'Tabuan', 264, NULL, NULL),
(473, 1, 23, 'Togbongon', 76, NULL, NULL),
(474, 1, 23, 'Ulbujan East', 108, NULL, NULL),
(475, 1, 23, 'Ulbujan West', 148, NULL, NULL),
(476, 1, 23, 'Victoria', 76, NULL, NULL),
(477, 1, 24, 'Basdio', 524, NULL, NULL),
(478, 1, 24, 'Bato', 412, NULL, NULL),
(479, 1, 24, 'Bayong', 552, NULL, NULL),
(480, 1, 24, 'Biabas', 516, NULL, NULL),
(481, 1, 24, 'Bulawan', 256, NULL, NULL),
(482, 1, 24, 'Cabantian', 388, NULL, NULL),
(483, 1, 24, 'Canhaway', 712, NULL, NULL),
(484, 1, 24, 'Cansiwang', 240, NULL, NULL),
(485, 1, 24, 'Casbu', 280, NULL, NULL),
(486, 1, 24, 'Catungawan Norte', 304, NULL, NULL),
(487, 1, 24, 'Catungawan Sur', 584, NULL, NULL),
(488, 1, 24, 'Guinacot', 308, NULL, NULL),
(489, 1, 24, 'Guio-ang', 828, NULL, NULL),
(490, 1, 24, 'Lombog', 756, NULL, NULL),
(491, 1, 24, 'Mayuga', 772, NULL, NULL),
(492, 1, 24, 'Sawang (pob.)', 316, NULL, NULL),
(493, 1, 24, 'Tabajan (pob.)', 400, NULL, NULL),
(494, 1, 24, 'Tabunok', 240, NULL, NULL),
(495, 1, 24, 'Trinidad', 588, NULL, NULL),
(496, 1, 25, 'Anonang', 424, NULL, NULL),
(497, 1, 25, 'Badiang', 480, NULL, NULL),
(498, 1, 25, 'Baguhan', 324, NULL, NULL),
(499, 1, 25, 'Bahan', 260, NULL, NULL),
(500, 1, 25, 'Banahao', 344, NULL, NULL),
(501, 1, 25, 'Baogo', 616, NULL, NULL),
(502, 1, 25, 'Bugang', 368, NULL, NULL),
(503, 1, 25, 'Cagawasan', 716, NULL, NULL),
(504, 1, 25, 'Cagayan', 268, NULL, NULL),
(505, 1, 25, 'Cambitoon', 472, NULL, NULL),
(506, 1, 25, 'Canlinte', 200, NULL, NULL),
(507, 1, 25, 'Cawayan', 528, NULL, NULL),
(508, 1, 25, 'Cogon', 176, NULL, NULL),
(509, 1, 25, 'Cuaming', 1804, NULL, NULL),
(510, 1, 25, 'Dagnawan', 248, NULL, NULL),
(511, 1, 25, 'Dagohoy', 592, NULL, NULL),
(512, 1, 25, 'Dait Sur', 304, NULL, NULL),
(513, 1, 25, 'Datag', 412, NULL, NULL),
(514, 1, 25, 'Fatima', 384, NULL, NULL),
(515, 1, 25, 'Hambongan', 368, NULL, NULL),
(516, 1, 25, 'Ilaud (pob.)', 304, NULL, NULL),
(517, 1, 25, 'Ilaya', 268, NULL, NULL),
(518, 1, 25, 'Ilihan', 232, NULL, NULL),
(519, 1, 25, 'Lapacan Norte', 144, NULL, NULL),
(520, 1, 25, 'Lapacan Sur', 440, NULL, NULL),
(521, 1, 25, 'Lawis', 716, NULL, NULL),
(522, 1, 25, 'Liloan Norte', 700, NULL, NULL),
(523, 1, 25, 'Liloan Sur', 612, NULL, NULL),
(524, 1, 25, 'Lomboy', 336, NULL, NULL),
(525, 1, 25, 'Lonoy Cainsican', 364, NULL, NULL),
(526, 1, 25, 'Lonoy Roma', 248, NULL, NULL),
(527, 1, 25, 'Lutao', 336, NULL, NULL),
(528, 1, 25, 'Luyo', 384, NULL, NULL),
(529, 1, 25, 'Mabuhay', 236, NULL, NULL),
(530, 1, 25, 'Maria Rosario', 252, NULL, NULL),
(531, 1, 25, 'Nabuad', 884, NULL, NULL),
(532, 1, 25, 'Napo', 476, NULL, NULL),
(533, 1, 25, 'Ondol', 572, NULL, NULL),
(534, 1, 25, 'Poblacion', 236, NULL, NULL),
(535, 1, 25, 'Riverside', 168, NULL, NULL),
(536, 1, 25, 'Saa', 256, NULL, NULL),
(537, 1, 25, 'San Isidro', 360, NULL, NULL),
(538, 1, 25, 'San Jose', 1104, NULL, NULL),
(539, 1, 25, 'Santo Niño', 364, NULL, NULL),
(540, 1, 25, 'Santo Rosario', 452, NULL, NULL),
(541, 1, 25, 'Sua', 416, NULL, NULL),
(542, 1, 25, 'Tambook', 216, NULL, NULL),
(543, 1, 25, 'Tungod', 604, NULL, NULL),
(544, 1, 25, 'Ubujan', 580, NULL, NULL),
(545, 1, 25, 'U-og', 316, NULL, NULL),
(546, 1, 26, 'Alejawan', 288, NULL, NULL),
(547, 1, 26, 'Balili', 452, NULL, NULL),
(548, 1, 26, 'Boctol', 368, NULL, NULL),
(549, 1, 26, 'Bunga Ilaya', 200, NULL, NULL),
(550, 1, 26, 'Bunga Mar', 44, NULL, NULL),
(551, 1, 26, 'Buyog', 164, NULL, NULL),
(552, 1, 26, 'Cabunga-an', 500, NULL, NULL),
(553, 1, 26, 'Calabacita', 560, NULL, NULL),
(554, 1, 26, 'Cambugason', 248, NULL, NULL),
(555, 1, 26, 'Can-ipol', 168, NULL, NULL),
(556, 1, 26, 'Canjulao', 312, NULL, NULL),
(557, 1, 26, 'Cantagay', 164, NULL, NULL),
(558, 1, 26, 'Cantuyoc', 252, NULL, NULL),
(559, 1, 26, 'Can-uba', 44, NULL, NULL),
(560, 1, 26, 'Can-upao', 384, NULL, NULL),
(561, 1, 26, 'Faraon', 112, NULL, NULL),
(562, 1, 26, 'Ipil', 52, NULL, NULL),
(563, 1, 26, 'Kinagbaan', 108, NULL, NULL),
(564, 1, 26, 'Laca', 84, NULL, NULL),
(565, 1, 26, 'Larapan', 216, NULL, NULL),
(566, 1, 26, 'Lonoy', 324, NULL, NULL),
(567, 1, 26, 'Looc', 64, NULL, NULL),
(568, 1, 26, 'Malbog', 252, NULL, NULL),
(569, 1, 26, 'Mayana', 692, NULL, NULL),
(570, 1, 26, 'Naatang', 132, NULL, NULL),
(571, 1, 26, 'Nausok', 76, NULL, NULL),
(572, 1, 26, 'Odiong', 384, NULL, NULL),
(573, 1, 26, 'Pagina', 168, NULL, NULL),
(574, 1, 26, 'Pangdan', 148, NULL, NULL),
(575, 1, 26, 'Poblacion (pondol)', 48, NULL, NULL),
(576, 1, 26, 'Tejero', 160, NULL, NULL),
(577, 1, 26, 'Tubod Mar', 88, NULL, NULL),
(578, 1, 26, 'Tubod Monte', 348, NULL, NULL),
(579, 1, 27, 'Alumar', 628, NULL, NULL),
(580, 1, 27, 'Banacon', 756, NULL, NULL),
(581, 1, 27, 'Buyog', 432, NULL, NULL),
(582, 1, 27, 'Cabasakan', 668, NULL, NULL),
(583, 1, 27, 'Campao Occidental', 200, NULL, NULL),
(584, 1, 27, 'Campao Oriental', 464, NULL, NULL),
(585, 1, 27, 'Cangmundo', 480, NULL, NULL),
(586, 1, 27, 'Carlos P. Garcia', 368, NULL, NULL),
(587, 1, 27, 'Corte Baud', 428, NULL, NULL),
(588, 1, 27, 'Handumon', 496, NULL, NULL),
(589, 1, 27, 'Jagoliao', 848, NULL, NULL),
(590, 1, 27, 'Jandayan Norte', 460, NULL, NULL),
(591, 1, 27, 'Jandayan Sur', 700, NULL, NULL),
(592, 1, 27, 'Mahanay (mahanay Island)', 320, NULL, NULL),
(593, 1, 27, 'Nasingin', 1128, NULL, NULL),
(594, 1, 27, 'Pandanon', 1296, NULL, NULL),
(595, 1, 27, 'Poblacion', 752, NULL, NULL),
(596, 1, 27, 'Saguise', 816, NULL, NULL),
(597, 1, 27, 'Salog', 504, NULL, NULL),
(598, 1, 27, 'San Jose', 744, NULL, NULL),
(599, 1, 27, 'Santo Niño', 400, NULL, NULL),
(600, 1, 27, 'Taytay', 532, NULL, NULL),
(601, 1, 27, 'Tugas', 368, NULL, NULL),
(602, 1, 27, 'Tulang', 768, NULL, NULL),
(603, 1, 28, 'Banban', 316, NULL, NULL),
(604, 1, 28, 'Bonkokan Ilaya', 208, NULL, NULL),
(605, 1, 28, 'Bonkokan Ubos', 188, NULL, NULL),
(606, 1, 28, 'Calvario', 316, NULL, NULL),
(607, 1, 28, 'Candulang', 56, NULL, NULL),
(608, 1, 28, 'Catugasan', 56, NULL, NULL),
(609, 1, 28, 'Cayupo', 28, NULL, NULL),
(610, 1, 28, 'Cogon', 144, NULL, NULL),
(611, 1, 28, 'Jambawan', 180, NULL, NULL),
(612, 1, 28, 'La Fortuna', 100, NULL, NULL),
(613, 1, 28, 'Lomanoy', 84, NULL, NULL),
(614, 1, 28, 'Macalingan', 112, NULL, NULL),
(615, 1, 28, 'Malinao East', 196, NULL, NULL),
(616, 1, 28, 'Malinao West', 16, NULL, NULL),
(617, 1, 28, 'Nagsulay', 172, NULL, NULL),
(618, 1, 28, 'Poblacion', 104, NULL, NULL),
(619, 1, 28, 'Taug', 44, NULL, NULL),
(620, 1, 28, 'Tiguis', 24, NULL, NULL),
(621, 1, 29, 'Agape', 180, NULL, NULL),
(622, 1, 29, 'Alegria Norte', 96, NULL, NULL),
(623, 1, 29, 'Alegria Sur', 232, NULL, NULL),
(624, 1, 29, 'Bonbon', 72, NULL, NULL),
(625, 1, 29, 'Botoc Occidental', 192, NULL, NULL),
(626, 1, 29, 'Botoc Oriental', 128, NULL, NULL),
(627, 1, 29, 'Calvario', 120, NULL, NULL),
(628, 1, 29, 'Concepcion', 152, NULL, NULL),
(629, 1, 29, 'Hinawanan', 144, NULL, NULL),
(630, 1, 29, 'Las Salinas Norte', 84, NULL, NULL),
(631, 1, 29, 'Las Salinas Sur', 80, NULL, NULL),
(632, 1, 29, 'Palo', 76, NULL, NULL),
(633, 1, 29, 'Poblacion Ibabao', 264, NULL, NULL),
(634, 1, 29, 'Poblacion Ubos', 140, NULL, NULL),
(635, 1, 29, 'Sagnap', 116, NULL, NULL),
(636, 1, 29, 'Tambangan', 296, NULL, NULL),
(637, 1, 29, 'Tangcasan Norte', 284, NULL, NULL),
(638, 1, 29, 'Tangcasan Sur', 352, NULL, NULL),
(639, 1, 29, 'Tayong Occidental', 116, NULL, NULL),
(640, 1, 29, 'Tayong Oriental', 312, NULL, NULL),
(641, 1, 29, 'Tocdog Dacu', 144, NULL, NULL),
(642, 1, 29, 'Tocdog Ilaya', 112, NULL, NULL),
(643, 1, 29, 'Villalimpia', 416, NULL, NULL),
(644, 1, 29, 'Yanangan', 156, NULL, NULL),
(645, 1, 30, 'Agape', 88, NULL, NULL),
(646, 1, 30, 'Alegria', 52, NULL, NULL),
(647, 1, 30, 'Bagumbayan', 92, NULL, NULL),
(648, 1, 30, 'Bahian', 92, NULL, NULL),
(649, 1, 30, 'Bonbon Lower', 48, NULL, NULL),
(650, 1, 30, 'Bonbon Upper', 76, NULL, NULL),
(651, 1, 30, 'Buenavista', 96, NULL, NULL),
(652, 1, 30, 'Bugho', 68, NULL, NULL),
(653, 1, 30, 'Cabadiangan', 44, NULL, NULL),
(654, 1, 30, 'Calunasan Norte', 88, NULL, NULL),
(655, 1, 30, 'Calunasan Sur', 72, NULL, NULL),
(656, 1, 30, 'Camayaan', 280, NULL, NULL),
(657, 1, 30, 'Cambance', 40, NULL, NULL),
(658, 1, 30, 'Candabong', 108, NULL, NULL),
(659, 1, 30, 'Candasag', 36, NULL, NULL),
(660, 1, 30, 'Canlasid', 112, NULL, NULL),
(661, 1, 30, 'Gon-ob', 60, NULL, NULL),
(662, 1, 30, 'Gotozon', 208, NULL, NULL),
(663, 1, 30, 'Jimilian', 112, NULL, NULL),
(664, 1, 30, 'Oy', 364, NULL, NULL),
(665, 1, 30, 'Poblacion Ondol', 64, NULL, NULL),
(666, 1, 30, 'Poblacion Sawang', 72, NULL, NULL),
(667, 1, 30, 'Quinoguitan', 80, NULL, NULL),
(668, 1, 30, 'Taytay', 72, NULL, NULL),
(669, 1, 30, 'Tigbao', 140, NULL, NULL),
(670, 1, 30, 'Ugpong', 124, NULL, NULL),
(671, 1, 30, 'Valladolid', 60, NULL, NULL),
(672, 1, 30, 'Villaflor', 132, NULL, NULL),
(673, 1, 31, 'Agsoso', 76, NULL, NULL),
(674, 1, 31, 'Badbad Occidental', 96, NULL, NULL),
(675, 1, 31, 'Badbad Oriental', 124, NULL, NULL),
(676, 1, 31, 'Bagacay Katipunan', 68, NULL, NULL),
(677, 1, 31, 'Bagacay Kawayan', 152, NULL, NULL),
(678, 1, 31, 'Bagacay Saong', 52, NULL, NULL),
(679, 1, 31, 'Bahi', 144, NULL, NULL),
(680, 1, 31, 'Basac', 216, NULL, NULL),
(681, 1, 31, 'Basdacu', 88, NULL, NULL),
(682, 1, 31, 'Basdio', 80, NULL, NULL),
(683, 1, 31, 'Biasong', 92, NULL, NULL),
(684, 1, 31, 'Bongco', 120, NULL, NULL),
(685, 1, 31, 'Bugho', 56, NULL, NULL),
(686, 1, 31, 'Cabacongan', 276, NULL, NULL),
(687, 1, 31, 'Cabadug', 104, NULL, NULL),
(688, 1, 31, 'Cabug', 84, NULL, NULL),
(689, 1, 31, 'Calayugan Norte', 224, NULL, NULL),
(690, 1, 31, 'Calayugan Sur', 148, NULL, NULL),
(691, 1, 31, 'Cambaquiz', 220, NULL, NULL),
(692, 1, 31, 'Campatud', 180, NULL, NULL),
(693, 1, 31, 'Candaigan', 144, NULL, NULL),
(694, 1, 31, 'Canhangdon Occidental', 224, NULL, NULL),
(695, 1, 31, 'Canhangdon Oriental', 148, NULL, NULL),
(696, 1, 31, 'Canigaan', 132, NULL, NULL),
(697, 1, 31, 'Canmaag', 112, NULL, NULL),
(698, 1, 31, 'Canmanoc', 100, NULL, NULL),
(699, 1, 31, 'Cansuagwit', 52, NULL, NULL),
(700, 1, 31, 'Cansubayon', 156, NULL, NULL),
(701, 1, 31, 'Cantam-is Bago', 100, NULL, NULL),
(702, 1, 31, 'Cantam-is Baslay', 108, NULL, NULL),
(703, 1, 31, 'Cantaongon', 248, NULL, NULL),
(704, 1, 31, 'Cantumocad', 108, NULL, NULL),
(705, 1, 31, 'Catagbacan Handig', 180, NULL, NULL),
(706, 1, 31, 'Catagbacan Norte', 252, NULL, NULL),
(707, 1, 31, 'Catagbacan Sur', 256, NULL, NULL),
(708, 1, 31, 'Cogon Norte (pob.)', 232, NULL, NULL),
(709, 1, 31, 'Cogon Sur', 120, NULL, NULL),
(710, 1, 31, 'Cuasi', 292, NULL, NULL),
(711, 1, 31, 'Genomoan', 132, NULL, NULL),
(712, 1, 31, 'Lintuan', 248, NULL, NULL),
(713, 1, 31, 'Looc', 200, NULL, NULL),
(714, 1, 31, 'Mocpoc Norte', 180, NULL, NULL),
(715, 1, 31, 'Mocpoc Sur', 72, NULL, NULL),
(716, 1, 31, 'Moto Norte (pob.)', 72, NULL, NULL),
(717, 1, 31, 'Moto Sur (pob.)', 120, NULL, NULL),
(718, 1, 31, 'Nagtuang', 104, NULL, NULL),
(719, 1, 31, 'Napo (pob.)', 224, NULL, NULL),
(720, 1, 31, 'Nueva Vida', 92, NULL, NULL),
(721, 1, 31, 'Panangquilon', 108, NULL, NULL),
(722, 1, 31, 'Pantudlan', 128, NULL, NULL),
(723, 1, 31, 'Pig-ot', 96, NULL, NULL),
(724, 1, 31, 'Pondol', 380, NULL, NULL),
(725, 1, 31, 'Quinobcoban', 56, NULL, NULL),
(726, 1, 31, 'Sondol', 188, NULL, NULL),
(727, 1, 31, 'Song-on', 192, NULL, NULL),
(728, 1, 31, 'Talisay', 240, NULL, NULL),
(729, 1, 31, 'Tan-awan', 48, NULL, NULL),
(730, 1, 31, 'Tangnan', 164, NULL, NULL),
(731, 1, 31, 'Taytay', 120, NULL, NULL),
(732, 1, 31, 'Ticugan', 84, NULL, NULL),
(733, 1, 31, 'Tiwi', 28, NULL, NULL),
(734, 1, 31, 'Tontonan', 96, NULL, NULL),
(735, 1, 31, 'Tubodacu', 108, NULL, NULL),
(736, 1, 31, 'Tubodio', 24, NULL, NULL),
(737, 1, 31, 'Tubuan', 84, NULL, NULL),
(738, 1, 31, 'Ubayon', 0, NULL, NULL),
(739, 1, 31, 'Ubojan', 168, NULL, NULL),
(740, 1, 32, 'Abaca', 1104, NULL, NULL),
(741, 1, 32, 'Abad Santos', 324, NULL, NULL),
(742, 1, 32, 'Aguipo', 500, NULL, NULL),
(743, 1, 32, 'Baybayon', 500, NULL, NULL),
(744, 1, 32, 'Bulawan', 304, NULL, NULL),
(745, 1, 32, 'Cabidian', 440, NULL, NULL),
(746, 1, 32, 'Cawayanan', 604, NULL, NULL),
(747, 1, 32, 'Concepcion (banlas)', 520, NULL, NULL),
(748, 1, 32, 'Del Mar', 384, NULL, NULL),
(749, 1, 32, 'Lungsoda-an', 544, NULL, NULL),
(750, 1, 32, 'Marcelo', 516, NULL, NULL),
(751, 1, 32, 'Minol', 492, NULL, NULL),
(752, 1, 32, 'Paraiso', 492, NULL, NULL),
(753, 1, 32, 'Poblacion I', 236, NULL, NULL),
(754, 1, 32, 'Poblacion Ii', 412, NULL, NULL),
(755, 1, 32, 'San Isidro', 996, NULL, NULL),
(756, 1, 32, 'San Jose', 828, NULL, NULL),
(757, 1, 32, 'San Rafael', 376, NULL, NULL),
(758, 1, 32, 'San Roque (cabulao)', 1144, NULL, NULL),
(759, 1, 32, 'Tambo', 444, NULL, NULL),
(760, 1, 32, 'Tangkigan', 484, NULL, NULL),
(761, 1, 32, 'Valaga', 340, NULL, NULL),
(762, 1, 33, 'Agahay', 92, NULL, NULL),
(763, 1, 33, 'Aliguay', 132, NULL, NULL),
(764, 1, 33, 'Anislag', 132, NULL, NULL),
(765, 1, 33, 'Bayacabac', 488, NULL, NULL),
(766, 1, 33, 'Bood', 60, NULL, NULL),
(767, 1, 33, 'Busao', 80, NULL, NULL),
(768, 1, 33, 'Cabawan', 240, NULL, NULL),
(769, 1, 33, 'Candavid', 176, NULL, NULL),
(770, 1, 33, 'Dipatlong', 324, NULL, NULL),
(771, 1, 33, 'Guiwanon', 144, NULL, NULL),
(772, 1, 33, 'Jandig', 232, NULL, NULL),
(773, 1, 33, 'Lagtangon', 36, NULL, NULL),
(774, 1, 33, 'Lincod', 352, NULL, NULL),
(775, 1, 33, 'Pagnitoan', 148, NULL, NULL),
(776, 1, 33, 'Poblacion', 212, NULL, NULL),
(777, 1, 33, 'Punsod', 100, NULL, NULL),
(778, 1, 33, 'Punta Cruz', 84, NULL, NULL),
(779, 1, 33, 'San Isidro', 140, NULL, NULL),
(780, 1, 33, 'San Roque (aghao)', 192, NULL, NULL),
(781, 1, 33, 'San Vicente', 140, NULL, NULL),
(782, 1, 33, 'Tinibgan', 136, NULL, NULL),
(783, 1, 33, 'Toril', 48, NULL, NULL),
(784, 1, 34, 'Bil-isan', 560, NULL, NULL),
(785, 1, 34, 'Bolod', 236, NULL, NULL),
(786, 1, 34, 'Danao', 616, NULL, NULL),
(787, 1, 34, 'Doljo', 700, NULL, NULL),
(788, 1, 34, 'Libaong', 304, NULL, NULL),
(789, 1, 34, 'Looc', 364, NULL, NULL),
(790, 1, 34, 'Lourdes', 136, NULL, NULL),
(791, 1, 34, 'Poblacion', 224, NULL, NULL),
(792, 1, 34, 'Tangnan', 660, NULL, NULL),
(793, 1, 34, 'Tawala', 420, NULL, NULL),
(794, 1, 35, 'Aurora', 208, NULL, NULL),
(795, 1, 35, 'Bagacay', 340, NULL, NULL),
(796, 1, 35, 'Bagumbayan', 492, NULL, NULL),
(797, 1, 35, 'Bayong', 660, NULL, NULL),
(798, 1, 35, 'Buenasuerte', 600, NULL, NULL),
(799, 1, 35, 'Cagawasan', 432, NULL, NULL),
(800, 1, 35, 'Cansungay', 392, NULL, NULL),
(801, 1, 35, 'Catagda-an', 512, NULL, NULL),
(802, 1, 35, 'Del Pilar', 332, NULL, NULL),
(803, 1, 35, 'Estaca', 1076, NULL, NULL),
(804, 1, 35, 'Ilaud', 376, NULL, NULL),
(805, 1, 35, 'Inaghuban', 408, NULL, NULL),
(806, 1, 35, 'La Suerte', 432, NULL, NULL),
(807, 1, 35, 'Lumbay', 480, NULL, NULL),
(808, 1, 35, 'Lundag', 376, NULL, NULL),
(809, 1, 35, 'Pamacsalan', 244, NULL, NULL),
(810, 1, 35, 'Poblacion', 644, NULL, NULL),
(811, 1, 35, 'Rizal', 572, NULL, NULL),
(812, 1, 35, 'San Carlos', 224, NULL, NULL),
(813, 1, 35, 'San Isidro', 1016, NULL, NULL),
(814, 1, 35, 'San Vicente', 360, NULL, NULL),
(815, 1, 36, 'Aguining', 1008, NULL, NULL),
(816, 1, 36, 'Basiao', 348, NULL, NULL),
(817, 1, 36, 'Baud', 380, NULL, NULL),
(818, 1, 36, 'Bayog', 132, NULL, NULL),
(819, 1, 36, 'Bogo', 708, NULL, NULL),
(820, 1, 36, 'Bonbonon', 608, NULL, NULL),
(821, 1, 36, 'Butan', 316, NULL, NULL),
(822, 1, 36, 'Campamanog', 704, NULL, NULL),
(823, 1, 36, 'Canmangao', 624, NULL, NULL),
(824, 1, 36, 'Gaus', 544, NULL, NULL),
(825, 1, 36, 'Kabangkalan', 148, NULL, NULL),
(826, 1, 36, 'Lapinig', 436, NULL, NULL),
(827, 1, 36, 'Lipata', 332, NULL, NULL),
(828, 1, 36, 'Poblacion', 1144, NULL, NULL),
(829, 1, 36, 'Popoo', 460, NULL, NULL),
(830, 1, 36, 'Saguise', 328, NULL, NULL),
(831, 1, 36, 'San Jose (tawid)', 576, NULL, NULL),
(832, 1, 36, 'San Vicente', 492, NULL, NULL),
(833, 1, 36, 'Santo Rosario', 248, NULL, NULL),
(834, 1, 36, 'Tilmobo', 116, NULL, NULL),
(835, 1, 36, 'Tugas', 320, NULL, NULL),
(836, 1, 36, 'Tugnao', 724, NULL, NULL),
(837, 1, 36, 'Villa Milagrosa', 804, NULL, NULL),
(838, 1, 37, 'Calangahan', 492, NULL, NULL),
(839, 1, 37, 'Canmano', 428, NULL, NULL),
(840, 1, 37, 'Canmaya Centro', 568, NULL, NULL),
(841, 1, 37, 'Canmaya Diot', 504, NULL, NULL),
(842, 1, 37, 'Dagnawan', 312, NULL, NULL),
(843, 1, 37, 'Kabasacan', 232, NULL, NULL),
(844, 1, 37, 'Kagawasan', 256, NULL, NULL),
(845, 1, 37, 'Katipunan', 252, NULL, NULL),
(846, 1, 37, 'Langtad', 396, NULL, NULL),
(847, 1, 37, 'Libertad Norte', 140, NULL, NULL),
(848, 1, 37, 'Libertad Sur', 76, NULL, NULL),
(849, 1, 37, 'Mantalongon', 380, NULL, NULL),
(850, 1, 37, 'Poblacion', 848, NULL, NULL),
(851, 1, 37, 'Sagbayan Sur', 400, NULL, NULL),
(852, 1, 37, 'San Agustin', 468, NULL, NULL),
(853, 1, 37, 'San Antonio', 448, NULL, NULL),
(854, 1, 37, 'San Isidro', 364, NULL, NULL),
(855, 1, 37, 'San Ramon', 252, NULL, NULL),
(856, 1, 37, 'San Roque', 164, NULL, NULL),
(857, 1, 37, 'San Vicente Norte', 312, NULL, NULL),
(858, 1, 37, 'San Vicente Sur', 108, NULL, NULL),
(859, 1, 37, 'Santa Catalina', 392, NULL, NULL),
(860, 1, 37, 'Santa Cruz', 432, NULL, NULL),
(861, 1, 37, 'Ubojan', 452, NULL, NULL),
(862, 1, 38, 'Abehilan', 212, NULL, NULL),
(863, 1, 38, 'Baryong Daan', 136, NULL, NULL),
(864, 1, 38, 'Baunos', 172, NULL, NULL),
(865, 1, 38, 'Cabanugan', 300, NULL, NULL),
(866, 1, 38, 'Caimbang', 104, NULL, NULL),
(867, 1, 38, 'Cambansag', 240, NULL, NULL),
(868, 1, 38, 'Candungao', 328, NULL, NULL),
(869, 1, 38, 'Cansague Norte', 108, NULL, NULL),
(870, 1, 38, 'Cansague Sur', 188, NULL, NULL),
(871, 1, 38, 'Causwagan Sur', 188, NULL, NULL),
(872, 1, 38, 'Masonoy', 212, NULL, NULL),
(873, 1, 38, 'Poblacion', 484, NULL, NULL),
(874, 1, 39, 'Bayongan', 804, NULL, NULL),
(875, 1, 39, 'Bugang', 452, NULL, NULL),
(876, 1, 39, 'Cabangahan', 304, NULL, NULL),
(877, 1, 39, 'Caluasan', 284, NULL, NULL),
(878, 1, 39, 'Camanaga', 468, NULL, NULL),
(879, 1, 39, 'Cambangay Norte', 580, NULL, NULL),
(880, 1, 39, 'Capayas', 320, NULL, NULL),
(881, 1, 39, 'Corazon', 664, NULL, NULL),
(882, 1, 39, 'Garcia', 316, NULL, NULL),
(883, 1, 39, 'Hagbuyo', 448, NULL, NULL),
(884, 1, 39, 'Kagawasan', 268, NULL, NULL),
(885, 1, 39, 'Mahayag', 700, NULL, NULL),
(886, 1, 39, 'Poblacion', 400, NULL, NULL),
(887, 1, 39, 'San Isidro', 584, NULL, NULL),
(888, 1, 39, 'San Jose', 232, NULL, NULL),
(889, 1, 39, 'San Vicente', 456, NULL, NULL),
(890, 1, 39, 'Santo Niño', 232, NULL, NULL),
(891, 1, 39, 'Tomoc', 432, NULL, NULL),
(892, 1, 40, 'Bayawahan', 292, NULL, NULL),
(893, 1, 40, 'Cabancalan', 240, NULL, NULL),
(894, 1, 40, 'Calinga-an', 208, NULL, NULL),
(895, 1, 40, 'Calinginan Norte', 268, NULL, NULL),
(896, 1, 40, 'Calinginan Sur', 164, NULL, NULL),
(897, 1, 40, 'Cambagui', 320, NULL, NULL),
(898, 1, 40, 'Ewon', 232, NULL, NULL),
(899, 1, 40, 'Guinob-an', 124, NULL, NULL),
(900, 1, 40, 'Lagtangan', 236, NULL, NULL),
(901, 1, 40, 'Licolico', 224, NULL, NULL),
(902, 1, 40, 'Lobgob', 324, NULL, NULL),
(903, 1, 40, 'Magsaysay', 548, NULL, NULL),
(904, 1, 40, 'Poblacion', 56, NULL, NULL),
(905, 1, 41, 'Abachanan', 680, NULL, NULL),
(906, 1, 41, 'Anibongan', 216, NULL, NULL),
(907, 1, 41, 'Bugsoc', 1012, NULL, NULL),
(908, 1, 41, 'Cahayag', 200, NULL, NULL),
(909, 1, 41, 'Canlangit', 420, NULL, NULL),
(910, 1, 41, 'Canta-ub', 160, NULL, NULL),
(911, 1, 41, 'Casilay', 100, NULL, NULL),
(912, 1, 41, 'Danicop', 332, NULL, NULL),
(913, 1, 41, 'Dusita', 160, NULL, NULL),
(914, 1, 41, 'La Union', 292, NULL, NULL),
(915, 1, 41, 'Lataban', 200, NULL, NULL),
(916, 1, 41, 'Magsaysay', 176, NULL, NULL),
(917, 1, 41, 'Man-od', 524, NULL, NULL),
(918, 1, 41, 'Matin-ao', 356, NULL, NULL),
(919, 1, 41, 'Poblacion', 628, NULL, NULL),
(920, 1, 41, 'Salvador', 508, NULL, NULL),
(921, 1, 41, 'San Agustin', 540, NULL, NULL),
(922, 1, 41, 'San Isidro', 544, NULL, NULL),
(923, 1, 41, 'San Jose', 420, NULL, NULL),
(924, 1, 41, 'San Juan', 332, NULL, NULL),
(925, 1, 41, 'Santa Cruz', 412, NULL, NULL),
(926, 1, 41, 'Villa Garcia', 344, NULL, NULL),
(927, 1, 42, 'Abucay Norte', 92, NULL, NULL),
(928, 1, 42, 'Abucay Sur', 112, NULL, NULL),
(929, 1, 42, 'Badiang', 196, NULL, NULL),
(930, 1, 42, 'Bahaybahay', 96, NULL, NULL),
(931, 1, 42, 'Cambuac Norte', 160, NULL, NULL),
(932, 1, 42, 'Cambuac Sur', 352, NULL, NULL),
(933, 1, 42, 'Canagong', 156, NULL, NULL),
(934, 1, 42, 'Libjo', 136, NULL, NULL),
(935, 1, 42, 'Poblacion I', 80, NULL, NULL),
(936, 1, 42, 'Poblacion Ii', 108, NULL, NULL),
(937, 1, 43, 'Bool', 272, NULL, NULL),
(938, 1, 43, 'Booy', 1216, NULL, NULL),
(939, 1, 43, 'Cabawan', 320, NULL, NULL),
(940, 1, 43, 'Cogon', 836, NULL, NULL),
(941, 1, 43, 'Dampas', 488, NULL, NULL),
(942, 1, 43, 'Dao', 532, NULL, NULL),
(943, 1, 43, 'Manga', 888, NULL, NULL),
(944, 1, 43, 'Mansasa', 316, NULL, NULL),
(945, 1, 43, 'Poblacion I', 292, NULL, NULL),
(946, 1, 43, 'Poblacion Ii', 128, NULL, NULL),
(947, 1, 43, 'Poblacion Iii', 32, NULL, NULL),
(948, 1, 43, 'San Isidro', 484, NULL, NULL),
(949, 1, 43, 'Taloto', 428, NULL, NULL),
(950, 1, 43, 'Tiptip', 332, NULL, NULL),
(951, 1, 43, 'Ubujan', 468, NULL, NULL),
(952, 1, 44, 'Bagacay', 1592, NULL, NULL),
(953, 1, 44, 'Balintawak', 492, NULL, NULL),
(954, 1, 44, 'Burgos', 468, NULL, NULL),
(955, 1, 44, 'Busalian', 1132, NULL, NULL),
(956, 1, 44, 'Calituban', 2232, NULL, NULL),
(957, 1, 44, 'Cataban', 824, NULL, NULL),
(958, 1, 44, 'Guindacpan', 1412, NULL, NULL),
(959, 1, 44, 'Magsaysay', 948, NULL, NULL),
(960, 1, 44, 'Mahanay', 1188, NULL, NULL),
(961, 1, 44, 'Nocnocan', 1180, NULL, NULL),
(962, 1, 44, 'Poblacion', 548, NULL, NULL),
(963, 1, 44, 'Rizal', 792, NULL, NULL),
(964, 1, 44, 'Sag', 520, NULL, NULL),
(965, 1, 44, 'San Agustin', 1640, NULL, NULL),
(966, 1, 44, 'San Carlos', 784, NULL, NULL),
(967, 1, 44, 'San Francisco', 2224, NULL, NULL),
(968, 1, 44, 'San Isidro', 1440, NULL, NULL),
(969, 1, 44, 'San Jose', 1604, NULL, NULL),
(970, 1, 44, 'San Pedro', 724, NULL, NULL),
(971, 1, 44, 'San Roque', 1156, NULL, NULL),
(972, 1, 44, 'Santo Niño', 1544, NULL, NULL),
(973, 1, 44, 'Sikatuna', 988, NULL, NULL),
(974, 1, 44, 'Suba', 820, NULL, NULL),
(975, 1, 44, 'Tanghaligue', 884, NULL, NULL),
(976, 1, 44, 'Zamora', 836, NULL, NULL),
(977, 1, 45, 'Banlasan', 548, NULL, NULL),
(978, 1, 45, 'Bongbong', 656, NULL, NULL),
(979, 1, 45, 'Catoogan', 388, NULL, NULL),
(980, 1, 45, 'Guinobatan', 620, NULL, NULL),
(981, 1, 45, 'Hinlayagan Ilaud', 456, NULL, NULL),
(982, 1, 45, 'Hinlayagan Ilaya', 620, NULL, NULL),
(983, 1, 45, 'Kauswagan', 1304, NULL, NULL),
(984, 1, 45, 'Kinan-oan', 528, NULL, NULL),
(985, 1, 45, 'La Union', 892, NULL, NULL),
(986, 1, 45, 'La Victoria', 892, NULL, NULL),
(987, 1, 45, 'Mabuhay Cabigohan', 376, NULL, NULL),
(988, 1, 45, 'Mahagbu', 484, NULL, NULL),
(989, 1, 45, 'Manuel M. Roxas', 396, NULL, NULL),
(990, 1, 45, 'Poblacion', 1056, NULL, NULL),
(991, 1, 45, 'San Isidro', 292, NULL, NULL),
(992, 1, 45, 'San Vicente', 868, NULL, NULL),
(993, 1, 45, 'Santo Tomas', 452, NULL, NULL),
(994, 1, 45, 'Soom', 872, NULL, NULL),
(995, 1, 45, 'Tagum Norte', 724, NULL, NULL),
(996, 1, 45, 'Tagum Sur', 624, NULL, NULL),
(997, 1, 46, 'Bagongbanwa', 452, NULL, NULL),
(998, 1, 46, 'Banlasan', 236, NULL, NULL),
(999, 1, 46, 'Batasan (batasan Island)', 392, NULL, NULL),
(1000, 1, 46, 'Bilangbilangan (bilangbilangan Island)', 212, NULL, NULL),
(1001, 1, 46, 'Bosongon', 372, NULL, NULL),
(1002, 1, 46, 'Buenos Aires', 312, NULL, NULL),
(1003, 1, 46, 'Bunacan', 396, NULL, NULL),
(1004, 1, 46, 'Cabulihan', 504, NULL, NULL),
(1005, 1, 46, 'Cahayag', 212, NULL, NULL),
(1006, 1, 46, 'Cawayanan', 608, NULL, NULL),
(1007, 1, 46, 'Centro (pob.)', 680, NULL, NULL),
(1008, 1, 46, 'Genonocan', 168, NULL, NULL),
(1009, 1, 46, 'Guiwanon', 380, NULL, NULL),
(1010, 1, 46, 'Ilihan Norte', 200, NULL, NULL),
(1011, 1, 46, 'Ilihan Sur', 216, NULL, NULL),
(1012, 1, 46, 'Libertad', 572, NULL, NULL),
(1013, 1, 46, 'Macaas', 752, NULL, NULL),
(1014, 1, 46, 'Matabao', 304, NULL, NULL),
(1015, 1, 46, 'Mocaboc Island', 288, NULL, NULL),
(1016, 1, 46, 'Panadtaran', 192, NULL, NULL),
(1017, 1, 46, 'Panaytayon', 428, NULL, NULL),
(1018, 1, 46, 'Pandan', 340, NULL, NULL),
(1019, 1, 46, 'Pangapasan (pangapasan Island)', 196, NULL, NULL),
(1020, 1, 46, 'Pinayagan Norte', 444, NULL, NULL),
(1021, 1, 46, 'Pinayagan Sur', 672, NULL, NULL),
(1022, 1, 46, 'Pooc Occidental (pob.)', 88, NULL, NULL),
(1023, 1, 46, 'Pooc Oriental (pob.)', 304, NULL, NULL),
(1024, 1, 46, 'Potohan', 432, NULL, NULL),
(1025, 1, 46, 'Talenceras', 212, NULL, NULL),
(1026, 1, 46, 'Tan-awan', 348, NULL, NULL),
(1027, 1, 46, 'Tinangnan', 772, NULL, NULL),
(1028, 1, 46, 'Ubay Island', 68, NULL, NULL),
(1029, 1, 46, 'Ubojan', 672, NULL, NULL),
(1030, 1, 46, 'Villanueva', 148, NULL, NULL),
(1031, 1, 47, 'Achila', 676, NULL, NULL),
(1032, 1, 47, 'Bay-ang', 864, NULL, NULL),
(1033, 1, 47, 'Benliw', 1028, NULL, NULL),
(1034, 1, 47, 'Biabas', 1196, NULL, NULL),
(1035, 1, 47, 'Bongbong', 420, NULL, NULL),
(1036, 1, 47, 'Bood', 936, NULL, NULL),
(1037, 1, 47, 'Buenavista', 336, NULL, NULL),
(1038, 1, 47, 'Bulilis', 916, NULL, NULL),
(1039, 1, 47, 'Cagting', 764, NULL, NULL),
(1040, 1, 47, 'Calanggaman', 476, NULL, NULL),
(1041, 1, 47, 'California', 440, NULL, NULL),
(1042, 1, 47, 'Camali-an', 332, NULL, NULL),
(1043, 1, 47, 'Camambugan', 1084, NULL, NULL),
(1044, 1, 47, 'Casate', 1280, NULL, NULL),
(1045, 1, 47, 'Cuya', 160, NULL, NULL),
(1046, 1, 47, 'Fatima', 1256, NULL, NULL),
(1047, 1, 47, 'Gabi', 572, NULL, NULL),
(1048, 1, 47, 'Governor Boyles', 368, NULL, NULL),
(1049, 1, 47, 'Guintabo-an', 276, NULL, NULL),
(1050, 1, 47, 'Hambabauran', 524, NULL, NULL),
(1051, 1, 47, 'Humayhumay', 840, NULL, NULL),
(1052, 1, 47, 'Ilihan', 276, NULL, NULL),
(1053, 1, 47, 'Imelda', 884, NULL, NULL),
(1054, 1, 47, 'Juagdan', 564, NULL, NULL),
(1055, 1, 47, 'Katarungan', 652, NULL, NULL),
(1056, 1, 47, 'Lomangog', 708, NULL, NULL),
(1057, 1, 47, 'Los Angeles', 252, NULL, NULL),
(1058, 1, 47, 'Pag-asa', 616, NULL, NULL),
(1059, 1, 47, 'Pangpang', 584, NULL, NULL),
(1060, 1, 47, 'Poblacion', 640, NULL, NULL),
(1061, 1, 47, 'San Francisco', 652, NULL, NULL),
(1062, 1, 47, 'San Isidro', 300, NULL, NULL),
(1063, 1, 47, 'San Pascual', 1196, NULL, NULL),
(1064, 1, 47, 'San Vicente', 548, NULL, NULL),
(1065, 1, 47, 'Sentinila', 460, NULL, NULL),
(1066, 1, 47, 'Sinandigan', 896, NULL, NULL),
(1067, 1, 47, 'Tapal', 552, NULL, NULL),
(1068, 1, 47, 'Tapon', 1216, NULL, NULL),
(1069, 1, 47, 'Tintinan', 396, NULL, NULL),
(1070, 1, 47, 'Tipolo', 1160, NULL, NULL),
(1071, 1, 47, 'Tubog', 396, NULL, NULL),
(1072, 1, 47, 'Tuboran', 720, NULL, NULL),
(1073, 1, 47, 'Union', 956, NULL, NULL),
(1074, 1, 47, 'Villa Teresita', 672, NULL, NULL),
(1075, 1, 48, 'Adlawan', 120, NULL, NULL),
(1076, 1, 48, 'Anas', 332, NULL, NULL),
(1077, 1, 48, 'Anonang', 280, NULL, NULL),
(1078, 1, 48, 'Anoyon', 184, NULL, NULL),
(1079, 1, 48, 'Balingasao', 128, NULL, NULL),
(1080, 1, 48, 'Banderahan (upper Ginopolan)', 320, NULL, NULL),
(1081, 1, 48, 'Botong', 208, NULL, NULL),
(1082, 1, 48, 'Buyog', 96, NULL, NULL),
(1083, 1, 48, 'Canduao Occidental', 100, NULL, NULL),
(1084, 1, 48, 'Canduao Oriental', 92, NULL, NULL),
(1085, 1, 48, 'Canlusong', 172, NULL, NULL),
(1086, 1, 48, 'Canmanico', 384, NULL, NULL),
(1087, 1, 48, 'Cansibao', 176, NULL, NULL),
(1088, 1, 48, 'Catug-a', 72, NULL, NULL),
(1089, 1, 48, 'Cutcutan', 148, NULL, NULL),
(1090, 1, 48, 'Danao', 192, NULL, NULL),
(1091, 1, 48, 'Genoveva', 184, NULL, NULL),
(1092, 1, 48, 'Ginopolan (ginopolan Proper)', 160, NULL, NULL),
(1093, 1, 48, 'La Victoria', 448, NULL, NULL),
(1094, 1, 48, 'Lantang', 292, NULL, NULL),
(1095, 1, 48, 'Limocon', 84, NULL, NULL),
(1096, 1, 48, 'Loctob', 180, NULL, NULL),
(1097, 1, 48, 'Magsaysay', 164, NULL, NULL),
(1098, 1, 48, 'Marawis', 176, NULL, NULL),
(1099, 1, 48, 'Maubo', 172, NULL, NULL),
(1100, 1, 48, 'Nailo', 144, NULL, NULL),
(1101, 1, 48, 'Omjon', 332, NULL, NULL),
(1102, 1, 48, 'Pangi-an', 116, NULL, NULL),
(1103, 1, 48, 'Poblacion Occidental', 120, NULL, NULL),
(1104, 1, 48, 'Poblacion Oriental', 60, NULL, NULL),
(1105, 1, 48, 'Simang', 104, NULL, NULL),
(1106, 1, 48, 'Taug', 112, NULL, NULL),
(1107, 1, 48, 'Tausion', 208, NULL, NULL),
(1108, 1, 48, 'Taytay', 168, NULL, NULL),
(1109, 1, 48, 'Ticum', 328, NULL, NULL),
(1110, 2, 49, 'Cabadiangan', 536, NULL, NULL),
(1111, 2, 49, 'Cabil-isan', 356, NULL, NULL),
(1112, 2, 49, 'Candabong', 1036, NULL, NULL),
(1113, 2, 49, 'Lawaan', 828, NULL, NULL),
(1114, 2, 49, 'Manga', 1136, NULL, NULL),
(1115, 2, 49, 'Palanas', 824, NULL, NULL),
(1116, 2, 49, 'Poblacion', 472, NULL, NULL),
(1117, 2, 49, 'Polo', 556, NULL, NULL),
(1118, 2, 49, 'Salagmaya', 372, NULL, NULL),
(1119, 2, 50, 'Atabay', 676, NULL, NULL),
(1120, 2, 50, 'Daan-lungsod', 784, NULL, NULL),
(1121, 2, 50, 'Guiwang', 468, NULL, NULL),
(1122, 2, 50, 'Nug-as', 1804, NULL, NULL),
(1123, 2, 50, 'Pasol', 648, NULL, NULL),
(1124, 2, 50, 'Poblacion', 968, NULL, NULL),
(1125, 2, 50, 'Pugalo', 772, NULL, NULL),
(1126, 2, 50, 'San Agustin', 212, NULL, NULL),
(1127, 2, 51, 'Compostela', 652, NULL, NULL),
(1128, 2, 51, 'Guadalupe', 1640, NULL, NULL),
(1129, 2, 51, 'Legaspi', 656, NULL, NULL),
(1130, 2, 51, 'Lepanto', 980, NULL, NULL),
(1131, 2, 51, 'Madridejos', 1640, NULL, NULL),
(1132, 2, 51, 'Montpeller', 704, NULL, NULL),
(1133, 2, 51, 'Poblacion', 564, NULL, NULL),
(1134, 2, 51, 'Santa Filomena', 1232, NULL, NULL),
(1135, 2, 51, 'Valencia', 1848, NULL, NULL),
(1136, 2, 52, 'Angilan', 892, NULL, NULL),
(1137, 2, 52, 'Bojo', 748, NULL, NULL),
(1138, 2, 52, 'Bonbon', 2704, NULL, NULL),
(1139, 2, 52, 'Esperanza', 700, NULL, NULL),
(1140, 2, 52, 'Kandingan', 288, NULL, NULL),
(1141, 2, 52, 'Kantabogon', 520, NULL, NULL),
(1142, 2, 52, 'Kawasan', 704, NULL, NULL),
(1143, 2, 52, 'Olango', 472, NULL, NULL),
(1144, 2, 52, 'Poblacion', 1128, NULL, NULL),
(1145, 2, 52, 'Punay', 704, NULL, NULL),
(1146, 2, 52, 'Rosario', 724, NULL, NULL),
(1147, 2, 52, 'Saksak', 424, NULL, NULL),
(1148, 2, 52, 'Tampa-an', 648, NULL, NULL),
(1149, 2, 52, 'Toyokon', 424, NULL, NULL),
(1150, 2, 52, 'Zaragosa', 424, NULL, NULL),
(1151, 2, 53, 'Alambijud', 628, NULL, NULL),
(1152, 2, 53, 'Anajao', 404, NULL, NULL),
(1153, 2, 53, 'Apo', 308, NULL, NULL),
(1154, 2, 53, 'Balaas', 316, NULL, NULL),
(1155, 2, 53, 'Balisong', 796, NULL, NULL),
(1156, 2, 53, 'Binlod', 768, NULL, NULL),
(1157, 2, 53, 'Bogo', 992, NULL, NULL),
(1158, 2, 53, 'Bug-ot', 320, NULL, NULL),
(1159, 2, 53, 'Bulasa', 1112, NULL, NULL),
(1160, 2, 53, 'Butong', 464, NULL, NULL),
(1161, 2, 53, 'Calagasan', 364, NULL, NULL),
(1162, 2, 53, 'Canbantug', 432, NULL, NULL),
(1163, 2, 53, 'Canbanua', 288, NULL, NULL),
(1164, 2, 53, 'Cansuje', 956, NULL, NULL),
(1165, 2, 53, 'Capio-an', 304, NULL, NULL),
(1166, 2, 53, 'Casay', 304, NULL, NULL),
(1167, 2, 53, 'Catang', 168, NULL, NULL),
(1168, 2, 53, 'Colawin', 328, NULL, NULL),
(1169, 2, 53, 'Conalum', 248, NULL, NULL),
(1170, 2, 53, 'Guiwanon', 448, NULL, NULL),
(1171, 2, 53, 'Gutlang', 212, NULL, NULL),
(1172, 2, 53, 'Jampang', 848, NULL, NULL),
(1173, 2, 53, 'Jomgao', 292, NULL, NULL),
(1174, 2, 53, 'Lamacan', 68, NULL, NULL),
(1175, 2, 53, 'Langtad', 528, NULL, NULL),
(1176, 2, 53, 'Langub', 324, NULL, NULL),
(1177, 2, 53, 'Lapay', 244, NULL, NULL),
(1178, 2, 53, 'Lengigon', 408, NULL, NULL),
(1179, 2, 53, 'Linut-od', 436, NULL, NULL),
(1180, 2, 53, 'Mabasa', 816, NULL, NULL),
(1181, 2, 53, 'Mandilikit', 184, NULL, NULL),
(1182, 2, 53, 'Mompeller', 356, NULL, NULL),
(1183, 2, 53, 'Panadtaran', 196, NULL, NULL),
(1184, 2, 53, 'Poblacion', 492, NULL, NULL),
(1185, 2, 53, 'Sua', 268, NULL, NULL),
(1186, 2, 53, 'Sumaguan', 252, NULL, NULL),
(1187, 2, 53, 'Tabayag', 452, NULL, NULL),
(1188, 2, 53, 'Talaga', 804, NULL, NULL),
(1189, 2, 53, 'Talaytay', 364, NULL, NULL),
(1190, 2, 53, 'Talo-ot', 996, NULL, NULL),
(1191, 2, 53, 'Tiguib', 516, NULL, NULL),
(1192, 2, 53, 'Tulang', 468, NULL, NULL),
(1193, 2, 53, 'Tulic', 328, NULL, NULL),
(1194, 2, 53, 'Ubaub', 560, NULL, NULL),
(1195, 2, 53, 'Usmad', 436, NULL, NULL);
INSERT INTO `barangay` (`id`, `province_id`, `muncity_id`, `description`, `target`, `created_at`, `updated_at`) VALUES
(1196, 2, 54, 'Agbanga', 472, NULL, NULL),
(1197, 2, 54, 'Agtugop', 476, NULL, NULL),
(1198, 2, 54, 'Bago', 760, NULL, NULL),
(1199, 2, 54, 'Bairan', 416, NULL, NULL),
(1200, 2, 54, 'Banban', 348, NULL, NULL),
(1201, 2, 54, 'Baye', 300, NULL, NULL),
(1202, 2, 54, 'Bog-o', 184, NULL, NULL),
(1203, 2, 54, 'Kaluangan', 440, NULL, NULL),
(1204, 2, 54, 'Lanao', 480, NULL, NULL),
(1205, 2, 54, 'Langub', 1224, NULL, NULL),
(1206, 2, 54, 'Looc Norte', 1408, NULL, NULL),
(1207, 2, 54, 'Lunas', 1164, NULL, NULL),
(1208, 2, 54, 'Magcalape', 304, NULL, NULL),
(1209, 2, 54, 'Manguiao', 1068, NULL, NULL),
(1210, 2, 54, 'New Bago', 828, NULL, NULL),
(1211, 2, 54, 'Owak', 1656, NULL, NULL),
(1212, 2, 54, 'Poblacion', 1852, NULL, NULL),
(1213, 2, 54, 'Saksak', 200, NULL, NULL),
(1214, 2, 54, 'San Isidro', 1524, NULL, NULL),
(1215, 2, 54, 'San Roque', 1124, NULL, NULL),
(1216, 2, 54, 'Santa Lucia', 1748, NULL, NULL),
(1217, 2, 54, 'Santa Rita', 524, NULL, NULL),
(1218, 2, 54, 'Tag-amakan', 532, NULL, NULL),
(1219, 2, 54, 'Tagbubonga', 312, NULL, NULL),
(1220, 2, 54, 'Tubigagmanok', 1752, NULL, NULL),
(1221, 2, 54, 'Tubod', 428, NULL, NULL),
(1222, 2, 54, 'Ubogon', 304, NULL, NULL),
(1223, 2, 55, 'Alawijao', 628, NULL, NULL),
(1224, 2, 55, 'Balhaan', 188, NULL, NULL),
(1225, 2, 55, 'Banhigan', 852, NULL, NULL),
(1226, 2, 55, 'Basak', 828, NULL, NULL),
(1227, 2, 55, 'Basiao', 592, NULL, NULL),
(1228, 2, 55, 'Bato', 448, NULL, NULL),
(1229, 2, 55, 'Bugas', 1232, NULL, NULL),
(1230, 2, 55, 'Calangcang', 308, NULL, NULL),
(1231, 2, 55, 'Candiis', 788, NULL, NULL),
(1232, 2, 55, 'Dagatan', 656, NULL, NULL),
(1233, 2, 55, 'Dobdob', 532, NULL, NULL),
(1234, 2, 55, 'Ginablan', 252, NULL, NULL),
(1235, 2, 55, 'Lambug', 596, NULL, NULL),
(1236, 2, 55, 'Malabago', 348, NULL, NULL),
(1237, 2, 55, 'Malhiao', 1540, NULL, NULL),
(1238, 2, 55, 'Manduyong', 728, NULL, NULL),
(1239, 2, 55, 'Matutinao', 312, NULL, NULL),
(1240, 2, 55, 'Patong', 540, NULL, NULL),
(1241, 2, 55, 'Poblacion', 788, NULL, NULL),
(1242, 2, 55, 'Sanlagan', 432, NULL, NULL),
(1243, 2, 55, 'Santicon', 252, NULL, NULL),
(1244, 2, 55, 'Sohoton', 616, NULL, NULL),
(1245, 2, 55, 'Sulsugan', 208, NULL, NULL),
(1246, 2, 55, 'Talayong', 448, NULL, NULL),
(1247, 2, 55, 'Taytay', 596, NULL, NULL),
(1248, 2, 55, 'Tigbao', 600, NULL, NULL),
(1249, 2, 55, 'Tiguib', 284, NULL, NULL),
(1250, 2, 55, 'Tubod', 552, NULL, NULL),
(1251, 2, 55, 'Zaragosa', 936, NULL, NULL),
(1252, 2, 56, 'Abucayan', 1512, NULL, NULL),
(1253, 2, 56, 'Aliwanay', 608, NULL, NULL),
(1254, 2, 56, 'Arpili', 2668, NULL, NULL),
(1255, 2, 56, 'Baliwagan (pob.)', 1488, NULL, NULL),
(1256, 2, 56, 'Bayong', 708, NULL, NULL),
(1257, 2, 56, 'Biasong', 1248, NULL, NULL),
(1258, 2, 56, 'Buanoy', 2900, NULL, NULL),
(1259, 2, 56, 'Cabagdalan', 468, NULL, NULL),
(1260, 2, 56, 'Cabasiangan', 848, NULL, NULL),
(1261, 2, 56, 'Cambuhawe', 1120, NULL, NULL),
(1262, 2, 56, 'Cansomoroy', 752, NULL, NULL),
(1263, 2, 56, 'Cantibas', 488, NULL, NULL),
(1264, 2, 56, 'Cantuod', 1700, NULL, NULL),
(1265, 2, 56, 'Duangan', 808, NULL, NULL),
(1266, 2, 56, 'Gaas', 1528, NULL, NULL),
(1267, 2, 56, 'Ginatilan', 812, NULL, NULL),
(1268, 2, 56, 'Hingatmonan', 652, NULL, NULL),
(1269, 2, 56, 'Lamesa', 880, NULL, NULL),
(1270, 2, 56, 'Liki', 804, NULL, NULL),
(1271, 2, 56, 'Luca', 524, NULL, NULL),
(1272, 2, 56, 'Matun-og', 488, NULL, NULL),
(1273, 2, 56, 'Nangka', 2080, NULL, NULL),
(1274, 2, 56, 'Pondol', 920, NULL, NULL),
(1275, 2, 56, 'Prenza', 808, NULL, NULL),
(1276, 2, 56, 'Santa Cruz-santo Niño (pob.)', 356, NULL, NULL),
(1277, 2, 56, 'Singsing', 768, NULL, NULL),
(1278, 2, 56, 'Sunog', 936, NULL, NULL),
(1279, 2, 56, 'Vito', 796, NULL, NULL),
(1280, 2, 57, 'Baigad', 596, NULL, NULL),
(1281, 2, 57, 'Bantigue (pob.)', 1784, NULL, NULL),
(1282, 2, 57, 'Baod', 1352, NULL, NULL),
(1283, 2, 57, 'Binaobao (pob.)', 892, NULL, NULL),
(1284, 2, 57, 'Botigues', 1452, NULL, NULL),
(1285, 2, 57, 'Doong', 1224, NULL, NULL),
(1286, 2, 57, 'Guiwanon', 948, NULL, NULL),
(1287, 2, 57, 'Hilotongan', 1588, NULL, NULL),
(1288, 2, 57, 'Kabac', 1580, NULL, NULL),
(1289, 2, 57, 'Kabangbang', 968, NULL, NULL),
(1290, 2, 57, 'Kampingganon', 488, NULL, NULL),
(1291, 2, 57, 'Kangkaibe', 1060, NULL, NULL),
(1292, 2, 57, 'Lipayran', 1916, NULL, NULL),
(1293, 2, 57, 'Luyongbaybay', 788, NULL, NULL),
(1294, 2, 57, 'Mojon', 1056, NULL, NULL),
(1295, 2, 57, 'Obo-ob', 756, NULL, NULL),
(1296, 2, 57, 'Patao', 2316, NULL, NULL),
(1297, 2, 57, 'Putian', 664, NULL, NULL),
(1298, 2, 57, 'Sillon', 1824, NULL, NULL),
(1299, 2, 57, 'Suba (pob.)', 896, NULL, NULL),
(1300, 2, 57, 'Sulangan', 2500, NULL, NULL),
(1301, 2, 57, 'Sungko', 1512, NULL, NULL),
(1302, 2, 57, 'Tamiao', 892, NULL, NULL),
(1303, 2, 57, 'Ticad (pob.)', 1992, NULL, NULL),
(1304, 2, 58, 'Azucena', 732, NULL, NULL),
(1305, 2, 58, 'Bagakay', 420, NULL, NULL),
(1306, 2, 58, 'Balao', 968, NULL, NULL),
(1307, 2, 58, 'Bolocboloc', 660, NULL, NULL),
(1308, 2, 58, 'Budbud', 616, NULL, NULL),
(1309, 2, 58, 'Bugtong Kawayan', 464, NULL, NULL),
(1310, 2, 58, 'Cabcaban', 908, NULL, NULL),
(1311, 2, 58, 'Cagay', 616, NULL, NULL),
(1312, 2, 58, 'Campangga', 352, NULL, NULL),
(1313, 2, 58, 'Candugay', 736, NULL, NULL),
(1314, 2, 58, 'Dakit', 732, NULL, NULL),
(1315, 2, 58, 'Giloctog', 740, NULL, NULL),
(1316, 2, 58, 'Giwanon', 620, NULL, NULL),
(1317, 2, 58, 'Guibuangan', 816, NULL, NULL),
(1318, 2, 58, 'Gunting', 864, NULL, NULL),
(1319, 2, 58, 'Hilasgasan', 376, NULL, NULL),
(1320, 2, 58, 'Japitan', 1708, NULL, NULL),
(1321, 2, 58, 'Kalubihan', 528, NULL, NULL),
(1322, 2, 58, 'Kangdampas', 592, NULL, NULL),
(1323, 2, 58, 'Luhod', 504, NULL, NULL),
(1324, 2, 58, 'Lupo', 260, NULL, NULL),
(1325, 2, 58, 'Luyo', 564, NULL, NULL),
(1326, 2, 58, 'Maghanoy', 412, NULL, NULL),
(1327, 2, 58, 'Maigang', 660, NULL, NULL),
(1328, 2, 58, 'Malolos', 576, NULL, NULL),
(1329, 2, 58, 'Mantalongon', 1164, NULL, NULL),
(1330, 2, 58, 'Mantayupan', 1004, NULL, NULL),
(1331, 2, 58, 'Mayana', 640, NULL, NULL),
(1332, 2, 58, 'Minolos', 1004, NULL, NULL),
(1333, 2, 58, 'Nabunturan', 372, NULL, NULL),
(1334, 2, 58, 'Nasipit', 516, NULL, NULL),
(1335, 2, 58, 'Pancil', 404, NULL, NULL),
(1336, 2, 58, 'Pangpang', 500, NULL, NULL),
(1337, 2, 58, 'Paril', 584, NULL, NULL),
(1338, 2, 58, 'Patupat', 616, NULL, NULL),
(1339, 2, 58, 'Poblacion', 588, NULL, NULL),
(1340, 2, 58, 'San Rafael', 724, NULL, NULL),
(1341, 2, 58, 'Santa Ana', 884, NULL, NULL),
(1342, 2, 58, 'Sayaw', 288, NULL, NULL),
(1343, 2, 58, 'Tal-ot', 744, NULL, NULL),
(1344, 2, 58, 'Tubod', 688, NULL, NULL),
(1345, 2, 58, 'Vito', 664, NULL, NULL),
(1346, 2, 59, 'Arbor', 468, NULL, NULL),
(1347, 2, 59, 'Baclayan', 164, NULL, NULL),
(1348, 2, 59, 'El Pardo', 1520, NULL, NULL),
(1349, 2, 59, 'Granada', 396, NULL, NULL),
(1350, 2, 59, 'Lower Becerril', 596, NULL, NULL),
(1351, 2, 59, 'Lunop', 536, NULL, NULL),
(1352, 2, 59, 'Nangka', 480, NULL, NULL),
(1353, 2, 59, 'Poblacion', 696, NULL, NULL),
(1354, 2, 59, 'San Antonio', 632, NULL, NULL),
(1355, 2, 59, 'South Granada', 412, NULL, NULL),
(1356, 2, 59, 'Upper Becerril', 780, NULL, NULL),
(1357, 2, 60, 'Bagacay', 288, NULL, NULL),
(1358, 2, 60, 'Bili', 252, NULL, NULL),
(1359, 2, 60, 'Bingay', 240, NULL, NULL),
(1360, 2, 60, 'Bongdo', 532, NULL, NULL),
(1361, 2, 60, 'Bongdo Gua', 368, NULL, NULL),
(1362, 2, 60, 'Bongoyan', 544, NULL, NULL),
(1363, 2, 60, 'Cadaruhan', 1312, NULL, NULL),
(1364, 2, 60, 'Cajel', 668, NULL, NULL),
(1365, 2, 60, 'Campusong', 652, NULL, NULL),
(1366, 2, 60, 'Clavera', 532, NULL, NULL),
(1367, 2, 60, 'Don Gregorio Antigua (taytayan)', 1496, NULL, NULL),
(1368, 2, 60, 'Laaw', 608, NULL, NULL),
(1369, 2, 60, 'Lugo', 1064, NULL, NULL),
(1370, 2, 60, 'Managase', 580, NULL, NULL),
(1371, 2, 60, 'Poblacion', 1776, NULL, NULL),
(1372, 2, 60, 'Sagay', 468, NULL, NULL),
(1373, 2, 60, 'San Jose', 372, NULL, NULL),
(1374, 2, 60, 'Tabunan', 648, NULL, NULL),
(1375, 2, 60, 'Tagnucan', 372, NULL, NULL),
(1376, 2, 61, 'Baring', 1540, NULL, NULL),
(1377, 2, 61, 'Cantipay', 716, NULL, NULL),
(1378, 2, 61, 'Cantukong', 300, NULL, NULL),
(1379, 2, 61, 'Cantumog', 508, NULL, NULL),
(1380, 2, 61, 'Caurasan', 584, NULL, NULL),
(1381, 2, 61, 'Cogon East', 468, NULL, NULL),
(1382, 2, 61, 'Cogon West', 432, NULL, NULL),
(1383, 2, 61, 'Corte', 884, NULL, NULL),
(1384, 2, 61, 'Dawis Norte', 568, NULL, NULL),
(1385, 2, 61, 'Dawis Sur', 516, NULL, NULL),
(1386, 2, 61, 'Hagnaya', 800, NULL, NULL),
(1387, 2, 61, 'Ipil', 724, NULL, NULL),
(1388, 2, 61, 'Lanipga', 452, NULL, NULL),
(1389, 2, 61, 'Liboron', 304, NULL, NULL),
(1390, 2, 61, 'Lower Natimao-an', 684, NULL, NULL),
(1391, 2, 61, 'Luyang', 1200, NULL, NULL),
(1392, 2, 61, 'Poblacion', 664, NULL, NULL),
(1393, 2, 61, 'Puente', 712, NULL, NULL),
(1394, 2, 61, 'Sac-on', 408, NULL, NULL),
(1395, 2, 61, 'Triumfo', 632, NULL, NULL),
(1396, 2, 61, 'Upper Natimao-an', 956, NULL, NULL),
(1397, 2, 62, 'Agsuwao', 448, NULL, NULL),
(1398, 2, 62, 'Amancion', 136, NULL, NULL),
(1399, 2, 62, 'Anapog', 204, NULL, NULL),
(1400, 2, 62, 'Bactas', 308, NULL, NULL),
(1401, 2, 62, 'Basak', 432, NULL, NULL),
(1402, 2, 62, 'Binongkalan', 304, NULL, NULL),
(1403, 2, 62, 'Bongyas', 176, NULL, NULL),
(1404, 2, 62, 'Cabungaan', 620, NULL, NULL),
(1405, 2, 62, 'Cambangkaya', 368, NULL, NULL),
(1406, 2, 62, 'Can-ibuang', 132, NULL, NULL),
(1407, 2, 62, 'Catmondaan', 592, NULL, NULL),
(1408, 2, 62, 'Corazon (pob.)', 480, NULL, NULL),
(1409, 2, 62, 'Duyan', 192, NULL, NULL),
(1410, 2, 62, 'Flores (pob.)', 556, NULL, NULL),
(1411, 2, 62, 'Ginabucan', 464, NULL, NULL),
(1412, 2, 62, 'Macaas', 596, NULL, NULL),
(1413, 2, 62, 'Panalipan', 780, NULL, NULL),
(1414, 2, 62, 'San Jose Pob. (catadman)', 648, NULL, NULL),
(1415, 2, 62, 'Tabili', 380, NULL, NULL),
(1416, 2, 62, 'Tinabyonan', 376, NULL, NULL),
(1417, 2, 63, 'Adlaon', 2312, NULL, NULL),
(1418, 2, 63, 'Agsungot', 684, NULL, NULL),
(1419, 2, 63, 'Alaska (mambaling)', 10052, NULL, NULL),
(1420, 2, 63, 'Apas', 0, NULL, NULL),
(1421, 2, 63, 'Babag', 1660, NULL, NULL),
(1422, 2, 63, 'Babag II', 0, NULL, NULL),
(1423, 2, 63, 'Bacayan', 656, NULL, NULL),
(1424, 2, 63, 'Banawa', 0, NULL, NULL),
(1425, 2, 63, 'Banilad', 200, NULL, NULL),
(1426, 2, 63, 'Basak Pardo', 1612, NULL, NULL),
(1427, 2, 63, 'Basak San Nicolas (alumnos)', 2480, NULL, NULL),
(1428, 2, 63, 'Binaliw', 788, NULL, NULL),
(1429, 2, 63, 'Bonbon', 2556, NULL, NULL),
(1430, 2, 63, 'Brotherhood (basak San Nicolas)', 0, NULL, NULL),
(1431, 2, 63, 'Budla-an (pob.)', 972, NULL, NULL),
(1432, 2, 63, 'Buhisan', 2036, NULL, NULL),
(1433, 2, 63, 'Bulacao', 1772, NULL, NULL),
(1434, 2, 63, 'Buot-taup Pardo', 984, NULL, NULL),
(1435, 2, 63, 'Busay (pob.)', 1712, NULL, NULL),
(1436, 2, 63, 'Calamba', 380, NULL, NULL),
(1437, 2, 63, 'Cambinocot', 1744, NULL, NULL),
(1438, 2, 63, 'Camputhaw (pob.)', 900, NULL, NULL),
(1439, 2, 63, 'Capitol Site (pob.)', 512, NULL, NULL),
(1440, 2, 63, 'Carreta', 3100, NULL, NULL),
(1441, 2, 63, 'Central (Brgy. Sto. Niño)', 0, NULL, NULL),
(1442, 2, 63, 'Cogon Pardo', 2028, NULL, NULL),
(1443, 2, 63, 'Cogon Ramos (pob.)', 80, NULL, NULL),
(1444, 2, 63, 'Day-as', 612, NULL, NULL),
(1445, 2, 63, 'Duljo (pob.)', 1292, NULL, NULL),
(1446, 2, 63, 'Ermita (pob.)', 2520, NULL, NULL),
(1447, 2, 63, 'Guadalupe', 244, NULL, NULL),
(1448, 2, 63, 'Guba', 1296, NULL, NULL),
(1449, 2, 63, 'Hippodromo', 284, NULL, NULL),
(1450, 2, 63, 'Inayawan', 4732, NULL, NULL),
(1451, 2, 63, 'Kalubihan (pob.)', 24, NULL, NULL),
(1452, 2, 63, 'Kalunasan', 3484, NULL, NULL),
(1453, 2, 63, 'Kamagayan (pob.)', 308, NULL, NULL),
(1454, 2, 63, 'Kasambagan', 260, NULL, NULL),
(1455, 2, 63, 'Kinasang-an Pardo', 1736, NULL, NULL),
(1456, 2, 63, 'Labangon', 3844, NULL, NULL),
(1457, 2, 63, 'Lahug (pob.)', 772, NULL, NULL),
(1458, 2, 63, 'Lorega (lorega San Miguel)', 1032, NULL, NULL),
(1459, 2, 63, 'Lusaran', 1036, NULL, NULL),
(1460, 2, 63, 'Luz (barrio)', 780, NULL, NULL),
(1461, 2, 63, 'Mabini', 316, NULL, NULL),
(1462, 2, 63, 'Mabolo', 816, NULL, NULL),
(1463, 2, 63, 'Malubog', 836, NULL, NULL),
(1464, 2, 63, 'Mambaling', 0, NULL, NULL),
(1465, 2, 63, 'Oprra', 0, NULL, NULL),
(1466, 2, 63, 'Pahina Central (pob.)', 528, NULL, NULL),
(1467, 2, 63, 'Pahina San Nicolas', 308, NULL, NULL),
(1468, 2, 63, 'Pamutan', 816, NULL, NULL),
(1469, 2, 63, 'Pardo (pob.)', 572, NULL, NULL),
(1470, 2, 63, 'Pari-an', 8, NULL, NULL),
(1471, 2, 63, 'Paril', 364, NULL, NULL),
(1472, 2, 63, 'Pasil', 2388, NULL, NULL),
(1473, 2, 63, 'Pit-os', 336, NULL, NULL),
(1474, 2, 63, 'Pulangbato', 552, NULL, NULL),
(1475, 2, 63, 'Pung-ol-sibugay', 940, NULL, NULL),
(1476, 2, 63, 'Punta Princesa', 812, NULL, NULL),
(1477, 2, 63, 'Quiot Pardo', 844, NULL, NULL),
(1478, 2, 63, 'Sambag I (pob.)', 536, NULL, NULL),
(1479, 2, 63, 'Sambag Ii (pob.)', 52, NULL, NULL),
(1480, 2, 63, 'San Antonio (pob.)', 20, NULL, NULL),
(1481, 2, 63, 'San Jose', 192, NULL, NULL),
(1482, 2, 63, 'San Nicolas Central', 244, NULL, NULL),
(1483, 2, 63, 'San Roque (ciudad)', 472, NULL, NULL),
(1484, 2, 63, 'Santa Cruz (pob.)', 88, NULL, NULL),
(1485, 2, 63, 'Sapangdaku', 1300, NULL, NULL),
(1486, 2, 63, 'Sawang Calero (pob.)', 2276, NULL, NULL),
(1487, 2, 63, 'Sinsin', 720, NULL, NULL),
(1488, 2, 63, 'Sirao', 472, NULL, NULL),
(1489, 2, 63, 'Suba Pob. (suba San Nicolas)', 2236, NULL, NULL),
(1490, 2, 63, 'Sudlon I', 1200, NULL, NULL),
(1491, 2, 63, 'Sudlon Ii', 1572, NULL, NULL),
(1492, 2, 63, 'T. Padilla', 804, NULL, NULL),
(1493, 2, 63, 'Tabunan', 1036, NULL, NULL),
(1494, 2, 63, 'Tagbao', 1104, NULL, NULL),
(1495, 2, 63, 'Talamban', 168, NULL, NULL),
(1496, 2, 63, 'Taptap', 1024, NULL, NULL),
(1497, 2, 63, 'Tejero (villa Gonzalo)', 2432, NULL, NULL),
(1498, 2, 63, 'Tinago', 576, NULL, NULL),
(1499, 2, 63, 'Tisa', 1160, NULL, NULL),
(1500, 2, 63, 'To-ong Pardo', 1312, NULL, NULL),
(1501, 2, 63, 'Zapatera', 128, NULL, NULL),
(1502, 2, 64, 'Anonang Norte', 880, NULL, NULL),
(1503, 2, 64, 'Anonang Sur', 1028, NULL, NULL),
(1504, 2, 64, 'Banban', 1056, NULL, NULL),
(1505, 2, 64, 'Binabag', 1272, NULL, NULL),
(1506, 2, 64, 'Bungtod (pob.)', 712, NULL, NULL),
(1507, 2, 64, 'Carbon (pob.)', 4, NULL, NULL),
(1508, 2, 64, 'Cayang', 1432, NULL, NULL),
(1509, 2, 64, 'Cogon (pob.)', 536, NULL, NULL),
(1510, 2, 64, 'Dakit', 1764, NULL, NULL),
(1511, 2, 64, 'Don Pedro Rodriguez', 1328, NULL, NULL),
(1512, 2, 64, 'Gairan', 1916, NULL, NULL),
(1513, 2, 64, 'Guadalupe', 1384, NULL, NULL),
(1514, 2, 64, 'La Paz', 1436, NULL, NULL),
(1515, 2, 64, 'La Purisima Concepcion (pob.)', 124, NULL, NULL),
(1516, 2, 64, 'Libertad', 1692, NULL, NULL),
(1517, 2, 64, 'Lourdes (pob.)', 32, NULL, NULL),
(1518, 2, 64, 'Malingin', 1136, NULL, NULL),
(1519, 2, 64, 'Marangog', 840, NULL, NULL),
(1520, 2, 64, 'Nailon', 2196, NULL, NULL),
(1521, 2, 64, 'Odlot', 1040, NULL, NULL),
(1522, 2, 64, 'Pandan (pandan Heights)', 604, NULL, NULL),
(1523, 2, 64, 'Polambato', 1440, NULL, NULL),
(1524, 2, 64, 'Sambag (pob.)', 468, NULL, NULL),
(1525, 2, 64, 'San Vicente (pob.)', 100, NULL, NULL),
(1526, 2, 64, 'Santo Niño', 192, NULL, NULL),
(1527, 2, 64, 'Santo Rosario (pob.)', 204, NULL, NULL),
(1528, 2, 64, 'Siocon', 524, NULL, NULL),
(1529, 2, 64, 'Sudlonon', 168, NULL, NULL),
(1530, 2, 64, 'Taytayan', 1420, NULL, NULL),
(1531, 2, 65, 'Bolinawan', 4104, NULL, NULL),
(1532, 2, 65, 'Buenavista', 900, NULL, NULL),
(1533, 2, 65, 'Calidngan', 1236, NULL, NULL),
(1534, 2, 65, 'Can-asujan', 2412, NULL, NULL),
(1535, 2, 65, 'Guadalupe', 4260, NULL, NULL),
(1536, 2, 65, 'Liburon', 1984, NULL, NULL),
(1537, 2, 65, 'Napo', 2624, NULL, NULL),
(1538, 2, 65, 'Ocana', 2464, NULL, NULL),
(1539, 2, 65, 'Perrelos', 3472, NULL, NULL),
(1540, 2, 65, 'Poblacion I', 2452, NULL, NULL),
(1541, 2, 65, 'Poblacion Ii', 640, NULL, NULL),
(1542, 2, 65, 'Poblacion Iii', 1512, NULL, NULL),
(1543, 2, 65, 'Tuyom', 1388, NULL, NULL),
(1544, 2, 65, 'Valencia', 1896, NULL, NULL),
(1545, 2, 65, 'Valladolid', 2868, NULL, NULL),
(1546, 2, 66, 'Alfaco', 1728, NULL, NULL),
(1547, 2, 66, 'Bairan', 1052, NULL, NULL),
(1548, 2, 66, 'Balirong', 1832, NULL, NULL),
(1549, 2, 66, 'Cabungahan', 648, NULL, NULL),
(1550, 2, 66, 'Cantao-an', 2652, NULL, NULL),
(1551, 2, 66, 'Central Poblacion', 88, NULL, NULL),
(1552, 2, 66, 'Cogon', 1868, NULL, NULL),
(1553, 2, 66, 'Colon', 884, NULL, NULL),
(1554, 2, 66, 'East Poblacion', 12, NULL, NULL),
(1555, 2, 66, 'Inayagan', 2744, NULL, NULL),
(1556, 2, 66, 'Inoburan', 1584, NULL, NULL),
(1557, 2, 66, 'Jaguimit', 988, NULL, NULL),
(1558, 2, 66, 'Lanas', 1192, NULL, NULL),
(1559, 2, 66, 'Langtad', 1904, NULL, NULL),
(1560, 2, 66, 'Lutac', 2008, NULL, NULL),
(1561, 2, 66, 'Mainit', 1388, NULL, NULL),
(1562, 2, 66, 'Mayana', 628, NULL, NULL),
(1563, 2, 66, 'Naalad', 992, NULL, NULL),
(1564, 2, 66, 'North Poblacion', 508, NULL, NULL),
(1565, 2, 66, 'Pangdan', 1692, NULL, NULL),
(1566, 2, 66, 'Patag', 828, NULL, NULL),
(1567, 2, 66, 'South Poblacion', 1380, NULL, NULL),
(1568, 2, 66, 'Tagjaguimit', 1512, NULL, NULL),
(1569, 2, 66, 'Tangke', 856, NULL, NULL),
(1570, 2, 66, 'Tinaan', 1676, NULL, NULL),
(1571, 2, 66, 'Tuyan', 2312, NULL, NULL),
(1572, 2, 66, 'Uling', 2140, NULL, NULL),
(1573, 2, 66, 'West Poblacion', 784, NULL, NULL),
(1574, 2, 67, 'Biasong', 676, NULL, NULL),
(1575, 2, 67, 'Bulacao', 1448, NULL, NULL),
(1576, 2, 67, 'Cadulawan', 1256, NULL, NULL),
(1577, 2, 67, 'Camp Iv', 752, NULL, NULL),
(1578, 2, 67, 'Cansojong', 1448, NULL, NULL),
(1579, 2, 67, 'Dumlog', 1528, NULL, NULL),
(1580, 2, 67, 'Jaclupan', 1116, NULL, NULL),
(1581, 2, 67, 'Lagtang', 1728, NULL, NULL),
(1582, 2, 67, 'Lawaan I', 644, NULL, NULL),
(1583, 2, 67, 'Lawaan Ii', 604, NULL, NULL),
(1584, 2, 67, 'Lawaan Iii', 904, NULL, NULL),
(1585, 2, 67, 'Linao', 632, NULL, NULL),
(1586, 2, 67, 'Maghaway', 972, NULL, NULL),
(1587, 2, 67, 'Manipis', 940, NULL, NULL),
(1588, 2, 67, 'Mohon', 1816, NULL, NULL),
(1589, 2, 67, 'Poblacion', 1120, NULL, NULL),
(1590, 2, 67, 'Pooc', 1008, NULL, NULL),
(1591, 2, 67, 'San Isidro', 916, NULL, NULL),
(1592, 2, 67, 'San Roque', 2616, NULL, NULL),
(1593, 2, 67, 'Tabunoc', 1740, NULL, NULL),
(1594, 2, 67, 'Tangke', 1892, NULL, NULL),
(1595, 2, 67, 'Tapul', 644, NULL, NULL),
(1596, 2, 68, 'Bagalnga', 836, NULL, NULL),
(1597, 2, 68, 'Basak', 572, NULL, NULL),
(1598, 2, 68, 'Buluang', 436, NULL, NULL),
(1599, 2, 68, 'Cabadiangan', 768, NULL, NULL),
(1600, 2, 68, 'Cambayog', 436, NULL, NULL),
(1601, 2, 68, 'Canamucan', 1096, NULL, NULL),
(1602, 2, 68, 'Cogon', 1344, NULL, NULL),
(1603, 2, 68, 'Dapdap', 412, NULL, NULL),
(1604, 2, 68, 'Estaca', 1092, NULL, NULL),
(1605, 2, 68, 'Lupa', 292, NULL, NULL),
(1606, 2, 68, 'Magay', 644, NULL, NULL),
(1607, 2, 68, 'Mulao', 704, NULL, NULL),
(1608, 2, 68, 'Panangban', 452, NULL, NULL),
(1609, 2, 68, 'Poblacion', 1128, NULL, NULL),
(1610, 2, 68, 'Tag-ube', 660, NULL, NULL),
(1611, 2, 68, 'Tamiao', 340, NULL, NULL),
(1612, 2, 68, 'Tubigan', 356, NULL, NULL),
(1613, 2, 69, 'Cabangahan', 732, NULL, NULL),
(1614, 2, 69, 'Cansaga', 556, NULL, NULL),
(1615, 2, 69, 'Casili', 1764, NULL, NULL),
(1616, 2, 69, 'Danglag', 588, NULL, NULL),
(1617, 2, 69, 'Garing', 476, NULL, NULL),
(1618, 2, 69, 'Jugan', 952, NULL, NULL),
(1619, 2, 69, 'Lamac', 1404, NULL, NULL),
(1620, 2, 69, 'Lanipga', 384, NULL, NULL),
(1621, 2, 69, 'Nangka', 2140, NULL, NULL),
(1622, 2, 69, 'Panas', 428, NULL, NULL),
(1623, 2, 69, 'Panoypoy', 364, NULL, NULL),
(1624, 2, 69, 'Pitogo', 600, NULL, NULL),
(1625, 2, 69, 'Poblacion Occidental', 980, NULL, NULL),
(1626, 2, 69, 'Poblacion Oriental', 336, NULL, NULL),
(1627, 2, 69, 'Polog', 448, NULL, NULL),
(1628, 2, 69, 'Pulpogan', 3764, NULL, NULL),
(1629, 2, 69, 'Sacsac', 524, NULL, NULL),
(1630, 2, 69, 'Tayud', 1408, NULL, NULL),
(1631, 2, 69, 'Tilhaong', 476, NULL, NULL),
(1632, 2, 69, 'Tolotolo', 692, NULL, NULL),
(1633, 2, 69, 'Tugbongan', 1920, NULL, NULL),
(1634, 2, 70, 'Alegria', 852, NULL, NULL),
(1635, 2, 70, 'Bangbang', 2108, NULL, NULL),
(1636, 2, 70, 'Buagsong', 860, NULL, NULL),
(1637, 2, 70, 'Catarman', 1780, NULL, NULL),
(1638, 2, 70, 'Cogon', 676, NULL, NULL),
(1639, 2, 70, 'Dapitan', 356, NULL, NULL),
(1640, 2, 70, 'Day-as', 1136, NULL, NULL),
(1641, 2, 70, 'Gabi', 968, NULL, NULL),
(1642, 2, 70, 'Gilutongan', 972, NULL, NULL),
(1643, 2, 70, 'Ibabao', 2432, NULL, NULL),
(1644, 2, 70, 'Pilipog', 904, NULL, NULL),
(1645, 2, 70, 'Poblacion', 3032, NULL, NULL),
(1646, 2, 70, 'San Miguel', 812, NULL, NULL),
(1647, 2, 71, 'Aguho', 1704, NULL, NULL),
(1648, 2, 71, 'Bagay', 2392, NULL, NULL),
(1649, 2, 71, 'Bakhawan', 1244, NULL, NULL),
(1650, 2, 71, 'Bateria', 1536, NULL, NULL),
(1651, 2, 71, 'Bitoon', 2540, NULL, NULL),
(1652, 2, 71, 'Calape', 1384, NULL, NULL),
(1653, 2, 71, 'Carnaza', 1252, NULL, NULL),
(1654, 2, 71, 'Dalingding', 960, NULL, NULL),
(1655, 2, 71, 'Lanao', 1272, NULL, NULL),
(1656, 2, 71, 'Logon', 1812, NULL, NULL),
(1657, 2, 71, 'Malbago', 1756, NULL, NULL),
(1658, 2, 71, 'Malingin', 660, NULL, NULL),
(1659, 2, 71, 'Maya', 2296, NULL, NULL),
(1660, 2, 71, 'Pajo', 1284, NULL, NULL),
(1661, 2, 71, 'Paypay', 1224, NULL, NULL),
(1662, 2, 71, 'Poblacion', 2284, NULL, NULL),
(1663, 2, 71, 'Talisay', 1996, NULL, NULL),
(1664, 2, 71, 'Tapilon', 2956, NULL, NULL),
(1665, 2, 71, 'Tinubdan', 1108, NULL, NULL),
(1666, 2, 71, 'Tominjao', 1812, NULL, NULL),
(1667, 2, 72, 'Ablayan', 560, NULL, NULL),
(1668, 2, 72, 'Babayongan', 208, NULL, NULL),
(1669, 2, 72, 'Balud', 832, NULL, NULL),
(1670, 2, 72, 'Banhigan', 476, NULL, NULL),
(1671, 2, 72, 'Bulak', 580, NULL, NULL),
(1672, 2, 72, 'Caleriohan', 1332, NULL, NULL),
(1673, 2, 72, 'Caliongan', 1176, NULL, NULL),
(1674, 2, 72, 'Casay', 1120, NULL, NULL),
(1675, 2, 72, 'Catolohan', 1068, NULL, NULL),
(1676, 2, 72, 'Cawayan', 752, NULL, NULL),
(1677, 2, 72, 'Consolacion', 612, NULL, NULL),
(1678, 2, 72, 'Coro', 520, NULL, NULL),
(1679, 2, 72, 'Dugyan', 572, NULL, NULL),
(1680, 2, 72, 'Dumalan', 1056, NULL, NULL),
(1681, 2, 72, 'Jolomaynon', 520, NULL, NULL),
(1682, 2, 72, 'Lanao', 636, NULL, NULL),
(1683, 2, 72, 'Langkas', 604, NULL, NULL),
(1684, 2, 72, 'Lumbang', 348, NULL, NULL),
(1685, 2, 72, 'Malones', 568, NULL, NULL),
(1686, 2, 72, 'Maloray', 532, NULL, NULL),
(1687, 2, 72, 'Mananggal', 292, NULL, NULL),
(1688, 2, 72, 'Manlapay', 940, NULL, NULL),
(1689, 2, 72, 'Mantalongon', 2704, NULL, NULL),
(1690, 2, 72, 'Nalhub', 1076, NULL, NULL),
(1691, 2, 72, 'Obo', 520, NULL, NULL),
(1692, 2, 72, 'Obong', 1196, NULL, NULL),
(1693, 2, 72, 'Panas', 376, NULL, NULL),
(1694, 2, 72, 'Poblacion', 1080, NULL, NULL),
(1695, 2, 72, 'Sacsac', 508, NULL, NULL),
(1696, 2, 72, 'Salug', 720, NULL, NULL),
(1697, 2, 72, 'Tabon', 1656, NULL, NULL),
(1698, 2, 72, 'Tapun', 1180, NULL, NULL),
(1699, 2, 72, 'Tuba', 508, NULL, NULL),
(1700, 2, 73, 'Baliang', 636, NULL, NULL),
(1701, 2, 73, 'Bayabas', 436, NULL, NULL),
(1702, 2, 73, 'Binaliw', 1064, NULL, NULL),
(1703, 2, 73, 'Cabungahan', 876, NULL, NULL),
(1704, 2, 73, 'Cagat-lamac', 356, NULL, NULL),
(1705, 2, 73, 'Cahumayan', 2112, NULL, NULL),
(1706, 2, 73, 'Cambanay', 672, NULL, NULL),
(1707, 2, 73, 'Cambubho', 348, NULL, NULL),
(1708, 2, 73, 'Cogon-cruz', 1012, NULL, NULL),
(1709, 2, 73, 'Danasan', 640, NULL, NULL),
(1710, 2, 73, 'Dungga', 264, NULL, NULL),
(1711, 2, 73, 'Dunggoan', 2040, NULL, NULL),
(1712, 2, 73, 'Guinacot', 1164, NULL, NULL),
(1713, 2, 73, 'Guinsay', 2196, NULL, NULL),
(1714, 2, 73, 'Ibo', 416, NULL, NULL),
(1715, 2, 73, 'Langosig', 564, NULL, NULL),
(1716, 2, 73, 'Lawaan', 692, NULL, NULL),
(1717, 2, 73, 'Licos', 764, NULL, NULL),
(1718, 2, 73, 'Looc', 2540, NULL, NULL),
(1719, 2, 73, 'Magtagobtob', 232, NULL, NULL),
(1720, 2, 73, 'Malapoc', 544, NULL, NULL),
(1721, 2, 73, 'Manlayag', 568, NULL, NULL),
(1722, 2, 73, 'Mantija', 584, NULL, NULL),
(1723, 2, 73, 'Masaba', 1096, NULL, NULL),
(1724, 2, 73, 'Maslog', 2724, NULL, NULL),
(1725, 2, 73, 'Nangka', 228, NULL, NULL),
(1726, 2, 73, 'Oguis', 360, NULL, NULL),
(1727, 2, 73, 'Pili', 452, NULL, NULL),
(1728, 2, 73, 'Poblacion', 1408, NULL, NULL),
(1729, 2, 73, 'Quisol', 428, NULL, NULL),
(1730, 2, 73, 'Sabang', 1196, NULL, NULL),
(1731, 2, 73, 'Sacsac', 360, NULL, NULL),
(1732, 2, 73, 'Sandayong Norte', 452, NULL, NULL),
(1733, 2, 73, 'Sandayong Sur', 952, NULL, NULL),
(1734, 2, 73, 'Santa Rosa', 640, NULL, NULL),
(1735, 2, 73, 'Santican', 804, NULL, NULL),
(1736, 2, 73, 'Sibacan', 324, NULL, NULL),
(1737, 2, 73, 'Suba', 1972, NULL, NULL),
(1738, 2, 73, 'Taboc', 1836, NULL, NULL),
(1739, 2, 73, 'Taytay', 1632, NULL, NULL),
(1740, 2, 73, 'Togonon', 672, NULL, NULL),
(1741, 2, 73, 'Tuburan Sur', 1564, NULL, NULL),
(1742, 2, 74, 'Balaygtiki', 728, NULL, NULL),
(1743, 2, 74, 'Bitoon', 968, NULL, NULL),
(1744, 2, 74, 'Bulak', 628, NULL, NULL),
(1745, 2, 74, 'Bullogan', 480, NULL, NULL),
(1746, 2, 74, 'Calaboon', 780, NULL, NULL),
(1747, 2, 74, 'Camboang', 504, NULL, NULL),
(1748, 2, 74, 'Candabong', 416, NULL, NULL),
(1749, 2, 74, 'Cogon', 1176, NULL, NULL),
(1750, 2, 74, 'Cotcoton', 212, NULL, NULL),
(1751, 2, 74, 'Doldol', 824, NULL, NULL),
(1752, 2, 74, 'Ilaya (pob.)', 220, NULL, NULL),
(1753, 2, 74, 'Kabalaasnan', 144, NULL, NULL),
(1754, 2, 74, 'Kabatbatan', 208, NULL, NULL),
(1755, 2, 74, 'Kambanog', 244, NULL, NULL),
(1756, 2, 74, 'Kang-actol', 552, NULL, NULL),
(1757, 2, 74, 'Kanghalo', 276, NULL, NULL),
(1758, 2, 74, 'Kanghumaod', 928, NULL, NULL),
(1759, 2, 74, 'Kanguha', 352, NULL, NULL),
(1760, 2, 74, 'Kantangkas', 304, NULL, NULL),
(1761, 2, 74, 'Kanyuko', 504, NULL, NULL),
(1762, 2, 74, 'Kolabtingon', 312, NULL, NULL),
(1763, 2, 74, 'Lamak', 316, NULL, NULL),
(1764, 2, 74, 'Lawaan', 980, NULL, NULL),
(1765, 2, 74, 'Liong', 720, NULL, NULL),
(1766, 2, 74, 'Manlapay', 632, NULL, NULL),
(1767, 2, 74, 'Masa', 348, NULL, NULL),
(1768, 2, 74, 'Matalao', 192, NULL, NULL),
(1769, 2, 74, 'Paculob', 704, NULL, NULL),
(1770, 2, 74, 'Panlaan', 848, NULL, NULL),
(1771, 2, 74, 'Pawa', 596, NULL, NULL),
(1772, 2, 74, 'Poblacion Central', 212, NULL, NULL),
(1773, 2, 74, 'Poblacion Looc', 352, NULL, NULL),
(1774, 2, 74, 'Poblacion Sima', 76, NULL, NULL),
(1775, 2, 74, 'Tangil', 924, NULL, NULL),
(1776, 2, 74, 'Tapon', 1168, NULL, NULL),
(1777, 2, 74, 'Tubod-bitoon', 1072, NULL, NULL),
(1778, 2, 74, 'Tubod-dugoan', 740, NULL, NULL),
(1779, 2, 75, 'Anao', 192, NULL, NULL),
(1780, 2, 75, 'Cagsing', 496, NULL, NULL),
(1781, 2, 75, 'Calabawan', 184, NULL, NULL),
(1782, 2, 75, 'Cambagte', 268, NULL, NULL),
(1783, 2, 75, 'Campisong', 164, NULL, NULL),
(1784, 2, 75, 'Canorong', 372, NULL, NULL),
(1785, 2, 75, 'Guiwanon', 340, NULL, NULL),
(1786, 2, 75, 'Looc', 368, NULL, NULL),
(1787, 2, 75, 'Malatbo', 312, NULL, NULL),
(1788, 2, 75, 'Mangaco', 504, NULL, NULL),
(1789, 2, 75, 'Palanas', 688, NULL, NULL),
(1790, 2, 75, 'Poblacion', 580, NULL, NULL),
(1791, 2, 75, 'Salamanca', 244, NULL, NULL),
(1792, 2, 75, 'San Roque', 220, NULL, NULL),
(1793, 2, 76, 'Agus', 2712, NULL, NULL),
(1794, 2, 76, 'Babag', 2108, NULL, NULL),
(1795, 2, 76, 'Bankal', 1652, NULL, NULL),
(1796, 2, 76, 'Baring', 1440, NULL, NULL),
(1797, 2, 76, 'Basak', 6532, NULL, NULL),
(1798, 2, 76, 'Buaya', 2168, NULL, NULL),
(1799, 2, 76, 'Calawisan', 2580, NULL, NULL),
(1800, 2, 76, 'Canjulao', 3104, NULL, NULL),
(1801, 2, 76, 'Caubian', 1468, NULL, NULL),
(1802, 2, 76, 'Cawhagan', 348, NULL, NULL),
(1803, 2, 76, 'Caw-oy', 768, NULL, NULL),
(1804, 2, 76, 'Gun-ob', 4172, NULL, NULL),
(1805, 2, 76, 'Ibo', 532, NULL, NULL),
(1806, 2, 76, 'Looc', 2480, NULL, NULL),
(1807, 2, 76, 'Mactan', 6388, NULL, NULL),
(1808, 2, 76, 'Maribago', 2868, NULL, NULL),
(1809, 2, 76, 'Marigondon', 2172, NULL, NULL),
(1810, 2, 76, 'Pajac', 3528, NULL, NULL),
(1811, 2, 76, 'Pajo', 1440, NULL, NULL),
(1812, 2, 76, 'Pangan-an', 884, NULL, NULL),
(1813, 2, 76, 'Poblacion', 760, NULL, NULL),
(1814, 2, 76, 'Punta Engaño', 3720, NULL, NULL),
(1815, 2, 76, 'Pusok', 1848, NULL, NULL),
(1816, 2, 76, 'Sabang', 3140, NULL, NULL),
(1817, 2, 76, 'San Vicente', 1484, NULL, NULL),
(1818, 2, 76, 'Santa Rosa', 1668, NULL, NULL),
(1819, 2, 76, 'Subabasbas', 1008, NULL, NULL),
(1820, 2, 76, 'Talima', 2240, NULL, NULL),
(1821, 2, 76, 'Tingo', 1036, NULL, NULL),
(1822, 2, 76, 'Tungasan', 876, NULL, NULL),
(1823, 2, 77, 'Cabadiangan', 480, NULL, NULL),
(1824, 2, 77, 'Calero', 1248, NULL, NULL),
(1825, 2, 77, 'Catarman', 3864, NULL, NULL),
(1826, 2, 77, 'Cotcot', 1028, NULL, NULL),
(1827, 2, 77, 'Jubay', 2264, NULL, NULL),
(1828, 2, 77, 'Lataban', 696, NULL, NULL),
(1829, 2, 77, 'Mulao', 408, NULL, NULL),
(1830, 2, 77, 'Poblacion', 2056, NULL, NULL),
(1831, 2, 77, 'San Roque', 360, NULL, NULL),
(1832, 2, 77, 'San Vicente', 1024, NULL, NULL),
(1833, 2, 77, 'Santa Cruz', 404, NULL, NULL),
(1834, 2, 77, 'Tabla', 360, NULL, NULL),
(1835, 2, 77, 'Tayud', 1564, NULL, NULL),
(1836, 2, 77, 'Yati', 2204, NULL, NULL),
(1837, 2, 78, 'Bunakan', 1100, NULL, NULL),
(1838, 2, 78, 'Kangwayan', 588, NULL, NULL),
(1839, 2, 78, 'Kaongkod', 1944, NULL, NULL),
(1840, 2, 78, 'Kodia', 1120, NULL, NULL),
(1841, 2, 78, 'Maalat', 1284, NULL, NULL),
(1842, 2, 78, 'Malbago', 1312, NULL, NULL),
(1843, 2, 78, 'Mancilang', 2296, NULL, NULL),
(1844, 2, 78, 'Pili', 1452, NULL, NULL),
(1845, 2, 78, 'Poblacion', 1368, NULL, NULL),
(1846, 2, 78, 'San Agustin', 1460, NULL, NULL),
(1847, 2, 78, 'Tabagak', 864, NULL, NULL),
(1848, 2, 78, 'Talangnan', 1964, NULL, NULL),
(1849, 2, 78, 'Tarong', 1248, NULL, NULL),
(1850, 2, 78, 'Tugas', 1344, NULL, NULL),
(1851, 2, 79, 'Armeña (cansilongan)', 440, NULL, NULL),
(1852, 2, 79, 'Barangay I (pob.)', 464, NULL, NULL),
(1853, 2, 79, 'Barangay Ii (pob.)', 228, NULL, NULL),
(1854, 2, 79, 'Cerdeña (ansan)', 1028, NULL, NULL),
(1855, 2, 79, 'Labrador (bulod)', 408, NULL, NULL),
(1856, 2, 79, 'Lombo', 696, NULL, NULL),
(1857, 2, 79, 'Looc', 348, NULL, NULL),
(1858, 2, 79, 'Mahanlud', 368, NULL, NULL),
(1859, 2, 79, 'Mindanao (pajo)', 260, NULL, NULL),
(1860, 2, 79, 'Montañeza (inamlang)', 1052, NULL, NULL),
(1861, 2, 79, 'Salmeron (bulak)', 448, NULL, NULL),
(1862, 2, 79, 'Santo Niño', 760, NULL, NULL),
(1863, 2, 79, 'Sorsogon (balimaya)', 440, NULL, NULL),
(1864, 2, 79, 'Tolosa (calatagan)', 868, NULL, NULL),
(1865, 2, 80, 'Alang-alang', 372, NULL, NULL),
(1866, 2, 80, 'Bakilid', 252, NULL, NULL),
(1867, 2, 80, 'Banilad', 680, NULL, NULL),
(1868, 2, 80, 'Basak', 448, NULL, NULL),
(1869, 2, 80, 'Cabancalan', 208, NULL, NULL),
(1870, 2, 80, 'Cambaro', 1052, NULL, NULL),
(1871, 2, 80, 'Canduman', 1868, NULL, NULL),
(1872, 2, 80, 'Casili', 400, NULL, NULL),
(1873, 2, 80, 'Casuntingan', 920, NULL, NULL),
(1874, 2, 80, 'Centro (pob.)', 100, NULL, NULL),
(1875, 2, 80, 'Cubacub', 856, NULL, NULL),
(1876, 2, 80, 'Guizo', 988, NULL, NULL),
(1877, 2, 80, 'Ibabao-estancia', 728, NULL, NULL),
(1878, 2, 80, 'Jagobiao', 792, NULL, NULL),
(1879, 2, 80, 'Labogon', 2088, NULL, NULL),
(1880, 2, 80, 'Looc', 2768, NULL, NULL),
(1881, 2, 80, 'Maguikay', 820, NULL, NULL),
(1882, 2, 80, 'Mantuyong', 2104, NULL, NULL),
(1883, 2, 80, 'Opao', 1480, NULL, NULL),
(1884, 2, 80, 'Pagsabungan', 560, NULL, NULL),
(1885, 2, 80, 'Pakna-an', 1680, NULL, NULL),
(1886, 2, 80, 'Subangdaku', 732, NULL, NULL),
(1887, 2, 80, 'Tabok', 996, NULL, NULL),
(1888, 2, 80, 'Tawason', 632, NULL, NULL),
(1889, 2, 80, 'Tingub', 972, NULL, NULL),
(1890, 2, 80, 'Tipolo', 784, NULL, NULL),
(1891, 2, 80, 'Umapad', 2376, NULL, NULL),
(1892, 2, 81, 'Antipolo', 1960, NULL, NULL),
(1893, 2, 81, 'Canhabagat', 892, NULL, NULL),
(1894, 2, 81, 'Caputatan Norte', 1740, NULL, NULL),
(1895, 2, 81, 'Caputatan Sur', 1164, NULL, NULL),
(1896, 2, 81, 'Curva', 1240, NULL, NULL),
(1897, 2, 81, 'Daanlungsod', 1452, NULL, NULL),
(1898, 2, 81, 'Dalingding Sur', 440, NULL, NULL),
(1899, 2, 81, 'Dayhagon', 768, NULL, NULL),
(1900, 2, 81, 'Don Virgilio Gonzales', 576, NULL, NULL),
(1901, 2, 81, 'Gibitngil', 1308, NULL, NULL),
(1902, 2, 81, 'Kawit', 3432, NULL, NULL),
(1903, 2, 81, 'Lamintak Norte', 964, NULL, NULL),
(1904, 2, 81, 'Lamintak Sur', 696, NULL, NULL),
(1905, 2, 81, 'Luy-a', 680, NULL, NULL),
(1906, 2, 81, 'Maharuhay', 880, NULL, NULL),
(1907, 2, 81, 'Mahawak', 1124, NULL, NULL),
(1908, 2, 81, 'Panugnawan', 1520, NULL, NULL),
(1909, 2, 81, 'Poblacion', 1452, NULL, NULL),
(1910, 2, 81, 'Tindog', 1636, NULL, NULL),
(1911, 2, 82, 'Cadulawan', 1012, NULL, NULL),
(1912, 2, 82, 'Calajo-an', 2460, NULL, NULL),
(1913, 2, 82, 'Camp 7', 840, NULL, NULL),
(1914, 2, 82, 'Camp 8', 672, NULL, NULL),
(1915, 2, 82, 'Cuanos', 1432, NULL, NULL),
(1916, 2, 82, 'Guindaruhan', 952, NULL, NULL),
(1917, 2, 82, 'Linao', 1504, NULL, NULL),
(1918, 2, 82, 'Manduang', 1252, NULL, NULL),
(1919, 2, 82, 'Pakigne', 500, NULL, NULL),
(1920, 2, 82, 'Poblacion Ward I', 296, NULL, NULL),
(1921, 2, 82, 'Poblacion Ward Ii', 396, NULL, NULL),
(1922, 2, 82, 'Poblacion Ward Iii', 404, NULL, NULL),
(1923, 2, 82, 'Poblacion Ward Iv', 552, NULL, NULL),
(1924, 2, 82, 'Tubod', 1140, NULL, NULL),
(1925, 2, 82, 'Tulay', 2352, NULL, NULL),
(1926, 2, 82, 'Tunghaan', 1944, NULL, NULL),
(1927, 2, 82, 'Tungkil', 664, NULL, NULL),
(1928, 2, 82, 'Tungkop', 1088, NULL, NULL),
(1929, 2, 82, 'Vito', 1196, NULL, NULL),
(1930, 2, 83, 'Agbalanga', 344, NULL, NULL),
(1931, 2, 83, 'Bala', 0, NULL, NULL),
(1932, 2, 83, 'Balabagon', 616, NULL, NULL),
(1933, 2, 83, 'Basdiot', 1392, NULL, NULL),
(1934, 2, 83, 'Batadbatad', 756, NULL, NULL),
(1935, 2, 83, 'Bugho', 680, NULL, NULL),
(1936, 2, 83, 'Buguil', 500, NULL, NULL),
(1937, 2, 83, 'Busay', 648, NULL, NULL),
(1938, 2, 83, 'Lanao', 740, NULL, NULL),
(1939, 2, 83, 'Poblacion East', 804, NULL, NULL),
(1940, 2, 83, 'Poblacion West', 1224, NULL, NULL),
(1941, 2, 83, 'Saavedra', 1276, NULL, NULL),
(1942, 2, 83, 'Tomonoy', 680, NULL, NULL),
(1943, 2, 83, 'Tuble', 712, NULL, NULL),
(1944, 2, 83, 'Tunga', 772, NULL, NULL),
(1945, 2, 84, 'Alo', 336, NULL, NULL),
(1946, 2, 84, 'Bangcogon', 344, NULL, NULL),
(1947, 2, 84, 'Bonbon', 468, NULL, NULL),
(1948, 2, 84, 'Calumpang', 208, NULL, NULL),
(1949, 2, 84, 'Cañang', 612, NULL, NULL),
(1950, 2, 84, 'Canangca-an', 304, NULL, NULL),
(1951, 2, 84, 'Cansalo-ay', 332, NULL, NULL),
(1952, 2, 84, 'Can-ukban', 268, NULL, NULL),
(1953, 2, 84, 'Daanlungsod', 360, NULL, NULL),
(1954, 2, 84, 'Gawi', 600, NULL, NULL),
(1955, 2, 84, 'Hagdan', 264, NULL, NULL),
(1956, 2, 84, 'Lagunde', 620, NULL, NULL),
(1957, 2, 84, 'Looc', 472, NULL, NULL),
(1958, 2, 84, 'Luka', 276, NULL, NULL),
(1959, 2, 84, 'Mainit', 472, NULL, NULL),
(1960, 2, 84, 'Manlum', 264, NULL, NULL),
(1961, 2, 84, 'Nueva Caceres', 336, NULL, NULL),
(1962, 2, 84, 'Poblacion', 928, NULL, NULL),
(1963, 2, 84, 'Pungtod', 380, NULL, NULL),
(1964, 2, 84, 'Tan-awan', 256, NULL, NULL),
(1965, 2, 84, 'Tumalog', 452, NULL, NULL),
(1966, 2, 85, 'Biasong', 240, NULL, NULL),
(1967, 2, 85, 'Cawit', 1032, NULL, NULL),
(1968, 2, 85, 'Dapdap', 196, NULL, NULL),
(1969, 2, 85, 'Esperanza', 396, NULL, NULL),
(1970, 2, 85, 'Imelda', 272, NULL, NULL),
(1971, 2, 85, 'Lanao', 324, NULL, NULL),
(1972, 2, 85, 'Lower Poblacion', 268, NULL, NULL),
(1973, 2, 85, 'Moabog', 384, NULL, NULL),
(1974, 2, 85, 'Montserrat', 672, NULL, NULL),
(1975, 2, 85, 'San Isidro', 244, NULL, NULL),
(1976, 2, 85, 'San Juan', 336, NULL, NULL),
(1977, 2, 85, 'Upper Poblacion', 304, NULL, NULL),
(1978, 2, 85, 'Villahermosa', 420, NULL, NULL),
(1979, 2, 86, 'Anislag', 756, NULL, NULL),
(1980, 2, 86, 'Anopog', 1220, NULL, NULL),
(1981, 2, 86, 'Binabag', 904, NULL, NULL),
(1982, 2, 86, 'Buhingtubig', 656, NULL, NULL),
(1983, 2, 86, 'Busay', 684, NULL, NULL),
(1984, 2, 86, 'Butong', 548, NULL, NULL),
(1985, 2, 86, 'Cabiangon', 224, NULL, NULL),
(1986, 2, 86, 'Camugao', 1072, NULL, NULL),
(1987, 2, 86, 'Duangan', 688, NULL, NULL),
(1988, 2, 86, 'Guimbawian', 892, NULL, NULL),
(1989, 2, 86, 'Lamac', 2548, NULL, NULL),
(1990, 2, 86, 'Lut-od', 812, NULL, NULL),
(1991, 2, 86, 'Mangoto', 668, NULL, NULL),
(1992, 2, 86, 'Opao', 272, NULL, NULL),
(1993, 2, 86, 'Pandacan', 1436, NULL, NULL),
(1994, 2, 86, 'Poblacion', 2296, NULL, NULL),
(1995, 2, 86, 'Punod', 1044, NULL, NULL),
(1996, 2, 86, 'Rizal', 736, NULL, NULL),
(1997, 2, 86, 'Sacsac', 560, NULL, NULL),
(1998, 2, 86, 'Sambagon', 508, NULL, NULL),
(1999, 2, 86, 'Sibago', 1192, NULL, NULL),
(2000, 2, 86, 'Tajao', 2068, NULL, NULL),
(2001, 2, 86, 'Tangub', 468, NULL, NULL),
(2002, 2, 86, 'Tanibag', 876, NULL, NULL),
(2003, 2, 86, 'Tupas', 472, NULL, NULL),
(2004, 2, 86, 'Tutay', 808, NULL, NULL),
(2005, 2, 87, 'Adela', 800, NULL, NULL),
(2006, 2, 87, 'Altavista', 436, NULL, NULL),
(2007, 2, 87, 'Cagcagan', 1616, NULL, NULL),
(2008, 2, 87, 'Cansabusab', 148, NULL, NULL),
(2009, 2, 87, 'Daan Paz', 468, NULL, NULL),
(2010, 2, 87, 'Eastern Poblacion', 160, NULL, NULL),
(2011, 2, 87, 'Esperanza', 1416, NULL, NULL),
(2012, 2, 87, 'Libertad', 400, NULL, NULL),
(2013, 2, 87, 'Mabini', 364, NULL, NULL),
(2014, 2, 87, 'Mercedes', 1312, NULL, NULL),
(2015, 2, 87, 'Pagsa', 276, NULL, NULL),
(2016, 2, 87, 'Paz', 0, NULL, NULL),
(2017, 2, 87, 'Rizal', 300, NULL, NULL),
(2018, 2, 87, 'San Jose', 440, NULL, NULL),
(2019, 2, 87, 'Santa Rita', 432, NULL, NULL),
(2020, 2, 87, 'Teguis', 548, NULL, NULL),
(2021, 2, 87, 'Western Poblacion', 420, NULL, NULL),
(2022, 2, 88, 'Butong', 552, NULL, NULL),
(2023, 2, 88, 'Can-abuhon', 360, NULL, NULL),
(2024, 2, 88, 'Canduling', 268, NULL, NULL),
(2025, 2, 88, 'Cansalonoy', 316, NULL, NULL),
(2026, 2, 88, 'Cansayahon', 760, NULL, NULL),
(2027, 2, 88, 'Ilaya', 504, NULL, NULL),
(2028, 2, 88, 'Langin', 688, NULL, NULL),
(2029, 2, 88, 'Libo-o', 412, NULL, NULL),
(2030, 2, 88, 'Malalay', 500, NULL, NULL),
(2031, 2, 88, 'Palanas', 424, NULL, NULL),
(2032, 2, 88, 'Poblacion', 380, NULL, NULL),
(2033, 2, 88, 'Santa Cruz', 1080, NULL, NULL),
(2034, 2, 88, 'Tupas', 304, NULL, NULL),
(2035, 2, 88, 'Vive', 412, NULL, NULL),
(2036, 2, 89, 'Basak', 364, NULL, NULL),
(2037, 2, 89, 'Bonbon', 156, NULL, NULL),
(2038, 2, 89, 'Bulangsuran', 512, NULL, NULL),
(2039, 2, 89, 'Calatagan', 416, NULL, NULL),
(2040, 2, 89, 'Cambigong', 264, NULL, NULL),
(2041, 2, 89, 'Camburoy', 344, NULL, NULL),
(2042, 2, 89, 'Canorong', 388, NULL, NULL),
(2043, 2, 89, 'Colase', 244, NULL, NULL),
(2044, 2, 89, 'Dalahikan', 332, NULL, NULL),
(2045, 2, 89, 'Jumangpas', 428, NULL, NULL),
(2046, 2, 89, 'Monteverde', 388, NULL, NULL),
(2047, 2, 89, 'Poblacion', 1004, NULL, NULL),
(2048, 2, 89, 'San Sebastian', 592, NULL, NULL),
(2049, 2, 89, 'Suba', 468, NULL, NULL),
(2050, 2, 89, 'Tangbo', 304, NULL, NULL),
(2051, 2, 90, 'Balud', 1156, NULL, NULL),
(2052, 2, 90, 'Balungag', 1060, NULL, NULL),
(2053, 2, 90, 'Basak', 460, NULL, NULL),
(2054, 2, 90, 'Bugho', 680, NULL, NULL),
(2055, 2, 90, 'Cabatbatan', 920, NULL, NULL),
(2056, 2, 90, 'Greenhills', 916, NULL, NULL),
(2057, 2, 90, 'Ilaya', 912, NULL, NULL),
(2058, 2, 90, 'Lantawan', 824, NULL, NULL),
(2059, 2, 90, 'Liburon', 484, NULL, NULL),
(2060, 2, 90, 'Magsico', 992, NULL, NULL),
(2061, 2, 90, 'Panadtaran', 1092, NULL, NULL),
(2062, 2, 90, 'Pitalo', 2640, NULL, NULL),
(2063, 2, 90, 'Poblacion North', 1052, NULL, NULL),
(2064, 2, 90, 'Poblacion South', 2588, NULL, NULL),
(2065, 2, 90, 'San Isidro', 1092, NULL, NULL),
(2066, 2, 90, 'Sangat', 1108, NULL, NULL),
(2067, 2, 90, 'Tabionan', 1360, NULL, NULL),
(2068, 2, 90, 'Tananas', 752, NULL, NULL),
(2069, 2, 90, 'Tinubdan', 908, NULL, NULL),
(2070, 2, 90, 'Tonggo', 720, NULL, NULL),
(2071, 2, 90, 'Tubod', 892, NULL, NULL),
(2072, 2, 91, 'Cabunga-an', 1040, NULL, NULL),
(2073, 2, 91, 'Campo', 1572, NULL, NULL),
(2074, 2, 91, 'Consuelo', 2632, NULL, NULL),
(2075, 2, 91, 'Esperanza', 2872, NULL, NULL),
(2076, 2, 91, 'Himensulan', 1344, NULL, NULL),
(2077, 2, 91, 'Montealegre', 632, NULL, NULL),
(2078, 2, 91, 'Northern Poblacion', 1728, NULL, NULL),
(2079, 2, 91, 'San Isidro', 1880, NULL, NULL),
(2080, 2, 91, 'Santa Cruz', 3336, NULL, NULL),
(2081, 2, 91, 'Santiago', 984, NULL, NULL),
(2082, 2, 91, 'Sonog', 1800, NULL, NULL),
(2083, 2, 91, 'Southern Poblacion', 1652, NULL, NULL),
(2084, 2, 91, 'Unidos', 380, NULL, NULL),
(2085, 2, 91, 'Union', 2252, NULL, NULL),
(2086, 2, 91, 'Western Poblacion', 1068, NULL, NULL),
(2087, 2, 92, 'Anapog', 984, NULL, NULL),
(2088, 2, 92, 'Argawanon', 1524, NULL, NULL),
(2089, 2, 92, 'Bagtic', 604, NULL, NULL),
(2090, 2, 92, 'Bancasan', 716, NULL, NULL),
(2091, 2, 92, 'Batad', 652, NULL, NULL),
(2092, 2, 92, 'Busogon', 836, NULL, NULL),
(2093, 2, 92, 'Calambua', 624, NULL, NULL),
(2094, 2, 92, 'Canagahan', 888, NULL, NULL),
(2095, 2, 92, 'Dapdap', 676, NULL, NULL),
(2096, 2, 92, 'Gawaygaway', 528, NULL, NULL),
(2097, 2, 92, 'Hagnaya', 1520, NULL, NULL),
(2098, 2, 92, 'Kayam', 336, NULL, NULL),
(2099, 2, 92, 'Kinawahan', 312, NULL, NULL),
(2100, 2, 92, 'Lambusan', 844, NULL, NULL),
(2101, 2, 92, 'Lawis', 472, NULL, NULL),
(2102, 2, 92, 'Libaong', 864, NULL, NULL),
(2103, 2, 92, 'Looc', 568, NULL, NULL),
(2104, 2, 92, 'Luyang', 1356, NULL, NULL),
(2105, 2, 92, 'Mano', 1520, NULL, NULL),
(2106, 2, 92, 'Poblacion', 1260, NULL, NULL),
(2107, 2, 92, 'Punta', 840, NULL, NULL),
(2108, 2, 92, 'Sab-a', 744, NULL, NULL),
(2109, 2, 92, 'San Miguel', 720, NULL, NULL),
(2110, 2, 92, 'Tacup', 988, NULL, NULL),
(2111, 2, 92, 'Tambongon', 964, NULL, NULL),
(2112, 2, 92, 'To-ong', 604, NULL, NULL),
(2113, 2, 92, 'Victoria', 1004, NULL, NULL),
(2114, 2, 93, 'Balidbid', 908, NULL, NULL),
(2115, 2, 93, 'Hagdan', 2040, NULL, NULL),
(2116, 2, 93, 'Hilantagaan', 2380, NULL, NULL),
(2117, 2, 93, 'Kinatarkan', 964, NULL, NULL),
(2118, 2, 93, 'Langub', 1108, NULL, NULL),
(2119, 2, 93, 'Maricaban', 1356, NULL, NULL),
(2120, 2, 93, 'Okoy', 1800, NULL, NULL),
(2121, 2, 93, 'Poblacion', 844, NULL, NULL),
(2122, 2, 93, 'Pooc', 1164, NULL, NULL),
(2123, 2, 93, 'Talisay', 1176, NULL, NULL),
(2124, 2, 94, 'Bunlan', 852, NULL, NULL),
(2125, 2, 94, 'Cabutongan', 436, NULL, NULL),
(2126, 2, 94, 'Candamiang', 384, NULL, NULL),
(2127, 2, 94, 'Canlumacad', 292, NULL, NULL),
(2128, 2, 94, 'Liloan', 668, NULL, NULL),
(2129, 2, 94, 'Lip-tong', 504, NULL, NULL),
(2130, 2, 94, 'Looc', 524, NULL, NULL),
(2131, 2, 94, 'Pasil', 460, NULL, NULL),
(2132, 2, 94, 'Poblacion', 468, NULL, NULL),
(2133, 2, 94, 'Talisay', 632, NULL, NULL),
(2134, 2, 95, 'Abugon', 656, NULL, NULL),
(2135, 2, 95, 'Bae', 500, NULL, NULL),
(2136, 2, 95, 'Bagacay', 872, NULL, NULL),
(2137, 2, 95, 'Bahay', 1608, NULL, NULL),
(2138, 2, 95, 'Banlot', 916, NULL, NULL),
(2139, 2, 95, 'Basak', 524, NULL, NULL),
(2140, 2, 95, 'Bato', 640, NULL, NULL),
(2141, 2, 95, 'Cagay', 468, NULL, NULL),
(2142, 2, 95, 'Can-aga', 456, NULL, NULL),
(2143, 2, 95, 'Candaguit', 632, NULL, NULL),
(2144, 2, 95, 'Cantolaroy', 356, NULL, NULL),
(2145, 2, 95, 'Dugoan', 304, NULL, NULL),
(2146, 2, 95, 'Guimbangco-an', 412, NULL, NULL),
(2147, 2, 95, 'Lamacan', 684, NULL, NULL),
(2148, 2, 95, 'Libo', 460, NULL, NULL),
(2149, 2, 95, 'Lindogon', 656, NULL, NULL),
(2150, 2, 95, 'Magcagong', 640, NULL, NULL),
(2151, 2, 95, 'Manatad', 892, NULL, NULL),
(2152, 2, 95, 'Mangyan', 1096, NULL, NULL),
(2153, 2, 95, 'Papan', 516, NULL, NULL),
(2154, 2, 95, 'Poblacion', 1208, NULL, NULL),
(2155, 2, 95, 'Sabang', 492, NULL, NULL),
(2156, 2, 95, 'Sayao', 888, NULL, NULL),
(2157, 2, 95, 'Simala', 1024, NULL, NULL),
(2158, 2, 95, 'Tubod', 1180, NULL, NULL),
(2159, 2, 96, 'Ampongol', 576, NULL, NULL),
(2160, 2, 96, 'Bagakay', 404, NULL, NULL),
(2161, 2, 96, 'Bagatayam', 944, NULL, NULL),
(2162, 2, 96, 'Bawo', 680, NULL, NULL),
(2163, 2, 96, 'Cabalawan', 1904, NULL, NULL),
(2164, 2, 96, 'Cabangahan', 504, NULL, NULL),
(2165, 2, 96, 'Calumboyan', 1076, NULL, NULL),
(2166, 2, 96, 'Dakit', 484, NULL, NULL),
(2167, 2, 96, 'Damolog', 1052, NULL, NULL),
(2168, 2, 96, 'Ibabao', 700, NULL, NULL),
(2169, 2, 96, 'Liki', 840, NULL, NULL),
(2170, 2, 96, 'Lubo', 512, NULL, NULL),
(2171, 2, 96, 'Mohon', 544, NULL, NULL),
(2172, 2, 96, 'Nahus-an', 788, NULL, NULL),
(2173, 2, 96, 'Pansoy', 944, NULL, NULL),
(2174, 2, 96, 'Poblacion', 1040, NULL, NULL),
(2175, 2, 96, 'Tabunok', 1292, NULL, NULL),
(2176, 2, 96, 'Takay', 584, NULL, NULL),
(2177, 2, 97, 'Alang-alang', 308, NULL, NULL),
(2178, 2, 97, 'Caduawan', 1428, NULL, NULL),
(2179, 2, 97, 'Camoboan', 292, NULL, NULL),
(2180, 2, 97, 'Canaocanao', 1064, NULL, NULL),
(2181, 2, 97, 'Combado', 224, NULL, NULL),
(2182, 2, 97, 'Daantabogon', 608, NULL, NULL),
(2183, 2, 97, 'Ilihan', 1428, NULL, NULL),
(2184, 2, 97, 'Kal-anan', 300, NULL, NULL),
(2185, 2, 97, 'Labangon', 1024, NULL, NULL),
(2186, 2, 97, 'Libjo', 1516, NULL, NULL),
(2187, 2, 97, 'Loong', 508, NULL, NULL),
(2188, 2, 97, 'Mabuli', 1060, NULL, NULL),
(2189, 2, 97, 'Managase', 764, NULL, NULL),
(2190, 2, 97, 'Manlagtang', 612, NULL, NULL),
(2191, 2, 97, 'Maslog', 580, NULL, NULL),
(2192, 2, 97, 'Muabog', 908, NULL, NULL),
(2193, 2, 97, 'Pio', 184, NULL, NULL),
(2194, 2, 97, 'Poblacion', 308, NULL, NULL),
(2195, 2, 97, 'Salag', 528, NULL, NULL),
(2196, 2, 97, 'Sambag', 388, NULL, NULL),
(2197, 2, 97, 'San Isidro', 348, NULL, NULL),
(2198, 2, 97, 'San Vicente', 364, NULL, NULL),
(2199, 2, 97, 'Somosa', 952, NULL, NULL),
(2200, 2, 97, 'Taba-ao', 480, NULL, NULL),
(2201, 2, 97, 'Tapul', 544, NULL, NULL),
(2202, 2, 98, 'Bongon', 1504, NULL, NULL),
(2203, 2, 98, 'Dalid', 612, NULL, NULL),
(2204, 2, 98, 'Kanlim-ao', 420, NULL, NULL),
(2205, 2, 98, 'Kanluhangon', 520, NULL, NULL),
(2206, 2, 98, 'Kantubaon', 880, NULL, NULL),
(2207, 2, 98, 'Mabunao', 496, NULL, NULL),
(2208, 2, 98, 'Maravilla', 1236, NULL, NULL),
(2209, 2, 98, 'Olivo', 736, NULL, NULL),
(2210, 2, 98, 'Poblacion', 1744, NULL, NULL),
(2211, 2, 98, 'Tabunok', 1284, NULL, NULL),
(2212, 2, 98, 'Tigbawan', 760, NULL, NULL),
(2213, 2, 98, 'Villahermosa', 236, NULL, NULL),
(2214, 2, 99, 'Awihao', 1396, NULL, NULL),
(2215, 2, 99, 'Bagakay', 844, NULL, NULL),
(2216, 2, 99, 'Bato', 1544, NULL, NULL),
(2217, 2, 99, 'Biga', 976, NULL, NULL),
(2218, 2, 99, 'Bulongan', 948, NULL, NULL),
(2219, 2, 99, 'Bunga', 1644, NULL, NULL),
(2220, 2, 99, 'Cabitoonan', 1132, NULL, NULL),
(2221, 2, 99, 'Calongcalong', 580, NULL, NULL),
(2222, 2, 99, 'Cambang-ug', 1776, NULL, NULL),
(2223, 2, 99, 'Camp 8', 1236, NULL, NULL),
(2224, 2, 99, 'Canlumampao', 1796, NULL, NULL),
(2225, 2, 99, 'Cantabaco', 2100, NULL, NULL),
(2226, 2, 99, 'Capitan Claudio', 1836, NULL, NULL),
(2227, 2, 99, 'Carmen', 1292, NULL, NULL),
(2228, 2, 99, 'Daanglungsod', 600, NULL, NULL),
(2229, 2, 99, 'Don Andres Soriano (lutopan)', 2948, NULL, NULL),
(2230, 2, 99, 'Dumlog', 1896, NULL, NULL),
(2231, 2, 99, 'Gen. Climaco (malubog)', 2672, NULL, NULL),
(2232, 2, 99, 'Ibo', 660, NULL, NULL),
(2233, 2, 99, 'Ilihan', 828, NULL, NULL),
(2234, 2, 99, 'Juan Climaco, Sr. (magdugo)', 1180, NULL, NULL),
(2235, 2, 99, 'Landahan', 912, NULL, NULL),
(2236, 2, 99, 'Loay', 776, NULL, NULL),
(2237, 2, 99, 'Luray Ii', 1372, NULL, NULL),
(2238, 2, 99, 'Matab-ang', 3400, NULL, NULL),
(2239, 2, 99, 'Media Once', 2928, NULL, NULL),
(2240, 2, 99, 'Pangamihan', 884, NULL, NULL),
(2241, 2, 99, 'Poblacion', 1924, NULL, NULL),
(2242, 2, 99, 'Poog', 2388, NULL, NULL),
(2243, 2, 99, 'Putingbato', 596, NULL, NULL),
(2244, 2, 99, 'Sagay', 592, NULL, NULL),
(2245, 2, 99, 'Sam-ang', 1148, NULL, NULL),
(2246, 2, 99, 'Sangi', 736, NULL, NULL),
(2247, 2, 99, 'Santo Niño (mainggit)', 1480, NULL, NULL),
(2248, 2, 99, 'Subayon', 560, NULL, NULL),
(2249, 2, 99, 'Talavera', 2116, NULL, NULL),
(2250, 2, 99, 'Tubod', 1228, NULL, NULL),
(2251, 2, 99, 'Tungkay', 840, NULL, NULL),
(2252, 2, 100, 'Alegria', 456, NULL, NULL),
(2253, 2, 100, 'Amatugan', 592, NULL, NULL),
(2254, 2, 100, 'Antipolo', 564, NULL, NULL),
(2255, 2, 100, 'Apalan', 748, NULL, NULL),
(2256, 2, 100, 'Bagasawe', 744, NULL, NULL),
(2257, 2, 100, 'Bakyawan', 564, NULL, NULL),
(2258, 2, 100, 'Bangkito', 188, NULL, NULL),
(2259, 2, 100, 'Barangay I (pob.)', 396, NULL, NULL),
(2260, 2, 100, 'Barangay Ii (pob.)', 800, NULL, NULL),
(2261, 2, 100, 'Barangay Iii (pob.)', 36, NULL, NULL),
(2262, 2, 100, 'Barangay Iv (pob.)', 20, NULL, NULL),
(2263, 2, 100, 'Barangay Vi (pob.)', 760, NULL, NULL),
(2264, 2, 100, 'Barangay Vii (pob.)', 240, NULL, NULL),
(2265, 2, 100, 'Barangay Viii (pob.)', 1028, NULL, NULL),
(2266, 2, 100, 'Bulwang', 448, NULL, NULL),
(2267, 2, 100, 'Caridad', 736, NULL, NULL),
(2268, 2, 100, 'Carmelo', 1064, NULL, NULL),
(2269, 2, 100, 'Cogon', 1392, NULL, NULL),
(2270, 2, 100, 'Colonia', 1116, NULL, NULL),
(2271, 2, 100, 'Daan Lungsod', 1084, NULL, NULL),
(2272, 2, 100, 'Fortaliza', 724, NULL, NULL),
(2273, 2, 100, 'Ga-ang', 420, NULL, NULL),
(2274, 2, 100, 'Gimama-a', 784, NULL, NULL),
(2275, 2, 100, 'Jagbuaya', 528, NULL, NULL),
(2276, 2, 100, 'Kabangkalan', 468, NULL, NULL),
(2277, 2, 100, 'Kabkaban', 276, NULL, NULL),
(2278, 2, 100, 'Kagba-o', 372, NULL, NULL),
(2279, 2, 100, 'Kalangahan', 868, NULL, NULL),
(2280, 2, 100, 'Kamansi', 352, NULL, NULL),
(2281, 2, 100, 'Kampoot', 304, NULL, NULL),
(2282, 2, 100, 'Kan-an', 196, NULL, NULL),
(2283, 2, 100, 'Kanlunsing', 140, NULL, NULL),
(2284, 2, 100, 'Kansi', 616, NULL, NULL),
(2285, 2, 100, 'Kaorasan', 204, NULL, NULL),
(2286, 2, 100, 'Libo', 184, NULL, NULL),
(2287, 2, 100, 'Lusong', 668, NULL, NULL),
(2288, 2, 100, 'Macupa', 248, NULL, NULL),
(2289, 2, 100, 'Mag-alwa', 560, NULL, NULL),
(2290, 2, 100, 'Mag-antoy', 436, NULL, NULL),
(2291, 2, 100, 'Mag-atubang', 684, NULL, NULL),
(2292, 2, 100, 'Maghan-ay', 468, NULL, NULL),
(2293, 2, 100, 'Mangga', 1100, NULL, NULL),
(2294, 2, 100, 'Marmol', 972, NULL, NULL),
(2295, 2, 100, 'Molobolo', 300, NULL, NULL),
(2296, 2, 100, 'Montealegre', 1128, NULL, NULL),
(2297, 2, 100, 'Putat', 1872, NULL, NULL),
(2298, 2, 100, 'San Juan', 616, NULL, NULL),
(2299, 2, 100, 'Sandayong', 604, NULL, NULL),
(2300, 2, 100, 'Santo Niño', 156, NULL, NULL),
(2301, 2, 100, 'Siotes', 304, NULL, NULL),
(2302, 2, 100, 'Sumon', 660, NULL, NULL),
(2303, 2, 100, 'Tominjao', 544, NULL, NULL),
(2304, 2, 100, 'Tomugpa', 192, NULL, NULL),
(2305, 2, 101, 'Buenavista', 216, NULL, NULL),
(2306, 2, 101, 'Calmante', 516, NULL, NULL),
(2307, 2, 101, 'Daan Secante', 148, NULL, NULL),
(2308, 2, 101, 'General', 252, NULL, NULL),
(2309, 2, 101, 'Mcarthur', 384, NULL, NULL),
(2310, 2, 101, 'Northern Poblacion', 20, NULL, NULL),
(2311, 2, 101, 'Puertobello', 872, NULL, NULL),
(2312, 2, 101, 'Santander', 220, NULL, NULL),
(2313, 2, 101, 'Secante Bag-o', 264, NULL, NULL),
(2314, 2, 101, 'Southern Poblacion', 156, NULL, NULL),
(2315, 2, 101, 'Villahermosa', 388, NULL, NULL),
(2873, 4, 127, 'Balolong', 32, NULL, NULL),
(2874, 4, 127, 'Bino-ongan', 124, NULL, NULL),
(2875, 4, 127, 'Bitaug', 316, NULL, NULL),
(2876, 4, 127, 'Bolot', 36, NULL, NULL),
(2877, 4, 127, 'Camogao', 88, NULL, NULL),
(2878, 4, 127, 'Cangmangki', 88, NULL, NULL),
(2879, 4, 127, 'Libo', 140, NULL, NULL),
(2880, 4, 127, 'Lomangcapan', 112, NULL, NULL),
(2881, 4, 127, 'Lotloton', 120, NULL, NULL),
(2882, 4, 127, 'Manan-ao', 44, NULL, NULL),
(2883, 4, 127, 'Olave', 44, NULL, NULL),
(2884, 4, 127, 'Parian', 20, NULL, NULL),
(2885, 4, 127, 'Poblacion', 88, NULL, NULL),
(2886, 4, 127, 'Tulapos', 144, NULL, NULL),
(2887, 4, 128, 'Bagacay', 52, NULL, NULL),
(2888, 4, 128, 'Balolang', 60, NULL, NULL),
(2889, 4, 128, 'Basac', 136, NULL, NULL),
(2890, 4, 128, 'Bintangan', 80, NULL, NULL),
(2891, 4, 128, 'Bontod', 76, NULL, NULL),
(2892, 4, 128, 'Cabulihan', 56, NULL, NULL),
(2893, 4, 128, 'Calunasan', 92, NULL, NULL),
(2894, 4, 128, 'Candigum', 76, NULL, NULL),
(2895, 4, 128, 'Cang-allas', 68, NULL, NULL),
(2896, 4, 128, 'Cang-apa', 168, NULL, NULL),
(2897, 4, 128, 'Cangbagsa', 112, NULL, NULL),
(2898, 4, 128, 'Cangmalalag', 36, NULL, NULL),
(2899, 4, 128, 'Canlambo', 80, NULL, NULL),
(2900, 4, 128, 'Canlasog', 76, NULL, NULL),
(2901, 4, 128, 'Catamboan', 176, NULL, NULL),
(2902, 4, 128, 'Helen (datag)', 124, NULL, NULL),
(2903, 4, 128, 'Nonoc', 100, NULL, NULL),
(2904, 4, 128, 'North Poblacion', 40, NULL, NULL),
(2905, 4, 128, 'Ponong', 88, NULL, NULL),
(2906, 4, 128, 'Sabang', 172, NULL, NULL),
(2907, 4, 128, 'Sandugan', 140, NULL, NULL),
(2908, 4, 128, 'South Poblacion', 20, NULL, NULL),
(2909, 4, 128, 'Taculing', 52, NULL, NULL),
(2910, 4, 129, 'Campalanas', 924, NULL, NULL),
(2911, 4, 129, 'Cangclaran', 328, NULL, NULL),
(2912, 4, 129, 'Cangomantong', 368, NULL, NULL),
(2913, 4, 129, 'Capalasanan', 576, NULL, NULL),
(2914, 4, 129, 'Catamboan (pob.)', 484, NULL, NULL),
(2915, 4, 129, 'Gabayan', 780, NULL, NULL),
(2916, 4, 129, 'Kimba', 376, NULL, NULL),
(2917, 4, 129, 'Kinamandagan', 556, NULL, NULL),
(2918, 4, 129, 'Lower Cabangcalan', 416, NULL, NULL),
(2919, 4, 129, 'Nagerong', 344, NULL, NULL),
(2920, 4, 129, 'Po-o', 228, NULL, NULL);
INSERT INTO `barangay` (`id`, `province_id`, `muncity_id`, `description`, `target`, `created_at`, `updated_at`) VALUES
(2921, 4, 129, 'Simacolong', 736, NULL, NULL),
(2922, 4, 129, 'Tagmanocan', 332, NULL, NULL),
(2923, 4, 129, 'Talayong', 300, NULL, NULL),
(2924, 4, 129, 'Tigbawan (pob.)', 272, NULL, NULL),
(2925, 4, 129, 'Tignao', 316, NULL, NULL),
(2926, 4, 129, 'Upper Cabangcalan', 312, NULL, NULL),
(2927, 4, 129, 'Ytaya', 260, NULL, NULL),
(2928, 4, 130, 'Bogo', 460, NULL, NULL),
(2929, 4, 130, 'Bonga', 88, NULL, NULL),
(2930, 4, 130, 'Cabal-asan', 136, NULL, NULL),
(2931, 4, 130, 'Calunasan', 196, NULL, NULL),
(2932, 4, 130, 'Candaping A', 144, NULL, NULL),
(2933, 4, 130, 'Candaping B', 196, NULL, NULL),
(2934, 4, 130, 'Cantaroc A', 128, NULL, NULL),
(2935, 4, 130, 'Cantaroc B', 188, NULL, NULL),
(2936, 4, 130, 'Cantugbas', 232, NULL, NULL),
(2937, 4, 130, 'Lico-an', 116, NULL, NULL),
(2938, 4, 130, 'Lilo-an', 584, NULL, NULL),
(2939, 4, 130, 'Logucan', 212, NULL, NULL),
(2940, 4, 130, 'Looc', 56, NULL, NULL),
(2941, 4, 130, 'Minalulan', 248, NULL, NULL),
(2942, 4, 130, 'Nabutay', 548, NULL, NULL),
(2943, 4, 130, 'Olang', 212, NULL, NULL),
(2944, 4, 130, 'Pisong A', 116, NULL, NULL),
(2945, 4, 130, 'Pisong B', 116, NULL, NULL),
(2946, 4, 130, 'Poblacion Norte', 184, NULL, NULL),
(2947, 4, 130, 'Poblacion Sur', 160, NULL, NULL),
(2948, 4, 130, 'Saguing', 364, NULL, NULL),
(2949, 4, 130, 'Sawang', 256, NULL, NULL),
(2950, 4, 131, 'Canasagan', 128, NULL, NULL),
(2951, 4, 131, 'Candura', 76, NULL, NULL),
(2952, 4, 131, 'Cangmunag', 308, NULL, NULL),
(2953, 4, 131, 'Cansayang', 136, NULL, NULL),
(2954, 4, 131, 'Catulayan', 460, NULL, NULL),
(2955, 4, 131, 'Lala-o', 160, NULL, NULL),
(2956, 4, 131, 'Maite', 228, NULL, NULL),
(2957, 4, 131, 'Napo', 284, NULL, NULL),
(2958, 4, 131, 'Paliton', 200, NULL, NULL),
(2959, 4, 131, 'Poblacion', 60, NULL, NULL),
(2960, 4, 131, 'Solangon', 324, NULL, NULL),
(2961, 4, 131, 'Tag-ibo', 256, NULL, NULL),
(2962, 4, 131, 'Tambisan', 336, NULL, NULL),
(2963, 4, 131, 'Timbaon', 508, NULL, NULL),
(2964, 4, 131, 'Tubod', 308, NULL, NULL),
(2965, 4, 132, 'Banban', 148, NULL, NULL),
(2966, 4, 132, 'Bolos', 136, NULL, NULL),
(2967, 4, 132, 'Caipilan', 216, NULL, NULL),
(2968, 4, 132, 'Caitican', 96, NULL, NULL),
(2969, 4, 132, 'Calalinan', 184, NULL, NULL),
(2970, 4, 132, 'Canal', 44, NULL, NULL),
(2971, 4, 132, 'Candanay Norte', 132, NULL, NULL),
(2972, 4, 132, 'Candanay Sur', 88, NULL, NULL),
(2973, 4, 132, 'Cang-adieng', 84, NULL, NULL),
(2974, 4, 132, 'Cang-agong', 204, NULL, NULL),
(2975, 4, 132, 'Cang-alwang', 164, NULL, NULL),
(2976, 4, 132, 'Cang-asa', 324, NULL, NULL),
(2977, 4, 132, 'Cang-atuyom', 168, NULL, NULL),
(2978, 4, 132, 'Canghunoghunog', 168, NULL, NULL),
(2979, 4, 132, 'Cang-inte', 88, NULL, NULL),
(2980, 4, 132, 'Cang-isad', 84, NULL, NULL),
(2981, 4, 132, 'Cangmatnog', 96, NULL, NULL),
(2982, 4, 132, 'Cangmohao', 32, NULL, NULL),
(2983, 4, 132, 'Cantabon', 172, NULL, NULL),
(2984, 4, 132, 'Caticugan', 200, NULL, NULL),
(2985, 4, 132, 'Dumanhog', 120, NULL, NULL),
(2986, 4, 132, 'Ibabao', 60, NULL, NULL),
(2987, 4, 132, 'Lambojon', 68, NULL, NULL),
(2988, 4, 132, 'Luyang', 108, NULL, NULL),
(2989, 4, 132, 'Luzong', 156, NULL, NULL),
(2990, 4, 132, 'Olo', 0, NULL, NULL),
(2991, 4, 132, 'Pangi', 124, NULL, NULL),
(2992, 4, 132, 'Panlautan', 76, NULL, NULL),
(2993, 4, 132, 'Pasihagon', 316, NULL, NULL),
(2994, 4, 132, 'Pili', 108, NULL, NULL),
(2995, 4, 132, 'Poblacion', 76, NULL, NULL),
(2996, 4, 132, 'Polangyuta', 52, NULL, NULL),
(2997, 4, 132, 'Ponong', 288, NULL, NULL),
(2998, 4, 132, 'Sabang', 88, NULL, NULL),
(2999, 4, 132, 'San Antonio', 128, NULL, NULL),
(3000, 4, 132, 'Songculan', 44, NULL, NULL),
(3001, 4, 132, 'Tacdog', 56, NULL, NULL),
(3002, 4, 132, 'Tacloban', 180, NULL, NULL),
(3003, 4, 132, 'Tambisan', 168, NULL, NULL),
(3004, 4, 132, 'Tebjong', 100, NULL, NULL),
(3005, 4, 132, 'Tinago', 244, NULL, NULL),
(3006, 4, 132, 'Tongo', 208, NULL, NULL),
(3007, 2, 57, 'Atop-Atop', 1564, NULL, NULL);

-- --------------------------------------------------------

--
-- Table structure for table `brackets`
--

DROP TABLE IF EXISTS `brackets`;
CREATE TABLE IF NOT EXISTS `brackets` (
  `id` int(10) unsigned NOT NULL,
  `description` varchar(255) COLLATE utf8_unicode_ci NOT NULL,
  `created_at` timestamp NULL DEFAULT NULL,
  `updated_at` timestamp NULL DEFAULT NULL
) ENGINE=InnoDB AUTO_INCREMENT=9 DEFAULT CHARSET=utf8 COLLATE=utf8_unicode_ci;

--
-- Dumping data for table `brackets`
--

INSERT INTO `brackets` (`id`, `description`, `created_at`, `updated_at`) VALUES
(1, 'New Born 0-28 Days', NULL, NULL),
(2, 'Infant 29 Days - 11 Months', NULL, NULL),
(3, 'Child 1-5 Years Old', NULL, NULL),
(4, 'Child 6-9 Years Old', NULL, NULL),
(5, 'Adolescent 10-19 Years Old', NULL, NULL),
(6, 'Adult 20-49 Years Old', NULL, NULL),
(7, 'Adult 50-59 Years Old', NULL, NULL),
(8, 'Adult 60 Years Above', NULL, NULL);

-- --------------------------------------------------------

--
-- Table structure for table `bracketservices`
--

DROP TABLE IF EXISTS `bracketservices`;
CREATE TABLE IF NOT EXISTS `bracketservices` (
  `id` int(10) unsigned NOT NULL,
  `bracket_id` int(11) NOT NULL,
  `service_id` int(11) NOT NULL,
  `created_at` timestamp NULL DEFAULT NULL,
  `updated_at` timestamp NULL DEFAULT NULL
) ENGINE=InnoDB AUTO_INCREMENT=139 DEFAULT CHARSET=utf8 COLLATE=utf8_unicode_ci;

--
-- Dumping data for table `bracketservices`
--

INSERT INTO `bracketservices` (`id`, `bracket_id`, `service_id`, `created_at`, `updated_at`) VALUES
(8, 5, 4, NULL, NULL),
(9, 5, 5, NULL, NULL),
(16, 2, 3, NULL, NULL),
(17, 2, 2, NULL, NULL),
(19, 1, 3, NULL, NULL),
(20, 1, 2, NULL, NULL),
(21, 3, 2, NULL, NULL),
(22, 1, 9, NULL, NULL),
(23, 3, 3, NULL, NULL),
(26, 4, 10, NULL, NULL),
(27, 4, 9, NULL, NULL),
(31, 1, 11, NULL, NULL),
(32, 1, 10, NULL, NULL),
(33, 1, 4, NULL, NULL),
(34, 1, 5, NULL, NULL),
(35, 2, 11, NULL, NULL),
(36, 2, 5, NULL, NULL),
(37, 2, 4, NULL, NULL),
(38, 2, 6, NULL, NULL),
(39, 2, 8, NULL, NULL),
(40, 2, 9, NULL, NULL),
(41, 2, 10, NULL, NULL),
(42, 3, 11, NULL, NULL),
(43, 3, 5, NULL, NULL),
(44, 3, 4, NULL, NULL),
(45, 3, 6, NULL, NULL),
(46, 3, 8, NULL, NULL),
(47, 3, 9, NULL, NULL),
(48, 3, 10, NULL, NULL),
(49, 3, 12, NULL, NULL),
(50, 3, 13, NULL, NULL),
(51, 4, 11, NULL, NULL),
(52, 4, 5, NULL, NULL),
(53, 4, 4, NULL, NULL),
(54, 4, 6, NULL, NULL),
(55, 4, 8, NULL, NULL),
(56, 4, 12, NULL, NULL),
(57, 4, 13, NULL, NULL),
(58, 5, 11, NULL, NULL),
(59, 5, 2, NULL, NULL),
(60, 5, 3, NULL, NULL),
(61, 5, 1, NULL, NULL),
(62, 5, 6, NULL, NULL),
(63, 5, 7, NULL, NULL),
(64, 5, 8, NULL, NULL),
(65, 5, 15, NULL, NULL),
(66, 5, 16, NULL, NULL),
(67, 5, 17, NULL, NULL),
(68, 5, 9, NULL, NULL),
(69, 5, 10, NULL, NULL),
(70, 5, 13, NULL, NULL),
(72, 6, 2, NULL, NULL),
(73, 6, 3, NULL, NULL),
(74, 6, 1, NULL, NULL),
(75, 6, 5, NULL, NULL),
(76, 6, 4, NULL, NULL),
(77, 6, 6, NULL, NULL),
(78, 6, 7, NULL, NULL),
(79, 6, 8, NULL, NULL),
(80, 6, 15, NULL, NULL),
(81, 6, 16, NULL, NULL),
(82, 6, 17, NULL, NULL),
(83, 6, 9, NULL, NULL),
(84, 6, 10, NULL, NULL),
(85, 6, 12, NULL, NULL),
(86, 6, 13, NULL, NULL),
(87, 7, 11, NULL, NULL),
(88, 7, 3, NULL, NULL),
(89, 7, 2, NULL, NULL),
(90, 7, 1, NULL, NULL),
(91, 7, 5, NULL, NULL),
(92, 7, 4, NULL, NULL),
(94, 7, 6, NULL, NULL),
(95, 7, 8, NULL, NULL),
(96, 7, 9, NULL, NULL),
(97, 7, 10, NULL, NULL),
(98, 7, 12, NULL, NULL),
(99, 8, 11, NULL, NULL),
(100, 8, 3, NULL, NULL),
(101, 7, 13, NULL, NULL),
(102, 8, 2, NULL, NULL),
(103, 8, 1, NULL, NULL),
(104, 8, 5, NULL, NULL),
(105, 8, 4, NULL, NULL),
(107, 8, 6, NULL, NULL),
(108, 8, 8, NULL, NULL),
(109, 8, 9, NULL, NULL),
(110, 8, 10, NULL, NULL),
(111, 8, 12, NULL, NULL),
(112, 5, 21, NULL, NULL),
(113, 5, 22, NULL, NULL),
(114, 5, 23, NULL, NULL),
(115, 5, 24, NULL, NULL),
(116, 6, 21, NULL, NULL),
(117, 6, 22, NULL, NULL),
(118, 6, 23, NULL, NULL),
(119, 6, 24, NULL, NULL),
(120, 7, 21, NULL, NULL),
(121, 7, 22, NULL, NULL),
(122, 7, 23, NULL, NULL),
(123, 7, 24, NULL, NULL),
(124, 8, 21, NULL, NULL),
(125, 8, 22, NULL, NULL),
(126, 8, 23, NULL, NULL),
(127, 8, 24, NULL, NULL),
(128, 8, 25, NULL, NULL),
(129, 7, 25, NULL, NULL),
(130, 6, 11, NULL, NULL),
(131, 5, 26, NULL, NULL),
(132, 6, 26, NULL, NULL),
(133, 7, 26, NULL, NULL),
(134, 8, 26, NULL, NULL),
(135, 5, 27, NULL, NULL),
(136, 6, 27, NULL, NULL),
(137, 7, 27, NULL, NULL),
(138, 8, 27, NULL, NULL);

-- --------------------------------------------------------

--
-- Table structure for table `cases`
--

DROP TABLE IF EXISTS `cases`;
CREATE TABLE IF NOT EXISTS `cases` (
  `id` int(10) unsigned NOT NULL,
  `description` varchar(255) COLLATE utf8_unicode_ci NOT NULL,
  `created_at` timestamp NULL DEFAULT NULL,
  `updated_at` timestamp NULL DEFAULT NULL
) ENGINE=InnoDB AUTO_INCREMENT=12 DEFAULT CHARSET=utf8 COLLATE=utf8_unicode_ci;

--
-- Dumping data for table `cases`
--

INSERT INTO `cases` (`id`, `description`, `created_at`, `updated_at`) VALUES
(1, 'Other Acute Upper Respiratory Infection', NULL, NULL),
(2, 'Essential (Primary) Hypertension', NULL, NULL),
(3, 'Fever of Unknown Origin', NULL, NULL),
(4, 'Other Injuries of Specified, Unspecified and Multiple Body Regions', NULL, NULL),
(5, 'Bronchitis, Emphysema and Other Chronic Obstructive Pulmonary Diseases', NULL, NULL),
(6, 'Diarrhea and Gastroenteritis of Presumed Infectious Origin', NULL, NULL),
(7, 'Dermatoses', NULL, NULL),
(8, 'Pneumonia', NULL, NULL),
(9, 'Infections of the Genitourinary System', NULL, NULL),
(10, 'Animal Bite', NULL, NULL),
(11, 'Others', NULL, NULL);

-- --------------------------------------------------------

--
-- Table structure for table `familyprofile`
--

DROP TABLE IF EXISTS `familyprofile`;
CREATE TABLE IF NOT EXISTS `familyprofile` (
  `id` int(10) unsigned NOT NULL,
  `muncity_id` int(11) NOT NULL,
  `description` varchar(255) COLLATE utf8_unicode_ci NOT NULL,
  `created_at` timestamp NULL DEFAULT CURRENT_TIMESTAMP ON UPDATE CURRENT_TIMESTAMP,
  `updated_at` timestamp NULL DEFAULT CURRENT_TIMESTAMP ON UPDATE CURRENT_TIMESTAMP
) ENGINE=InnoDB DEFAULT CHARSET=utf8 COLLATE=utf8_unicode_ci;

-- --------------------------------------------------------

--
-- Table structure for table `femalestatus`
--

DROP TABLE IF EXISTS `femalestatus`;
CREATE TABLE IF NOT EXISTS `femalestatus` (
  `id` int(10) unsigned NOT NULL,
  `dateProfile` date NOT NULL,
  `profile_id` int(11) NOT NULL,
  `barangay_id` int(11) NOT NULL,
  `muncity_id` int(11) NOT NULL,
  `status` varchar(255) COLLATE utf8_unicode_ci NOT NULL,
  `code` varchar(50) COLLATE utf8_unicode_ci NOT NULL,
  `created_at` timestamp NULL DEFAULT CURRENT_TIMESTAMP ON UPDATE CURRENT_TIMESTAMP,
  `updated_at` timestamp NULL DEFAULT CURRENT_TIMESTAMP ON UPDATE CURRENT_TIMESTAMP
) ENGINE=InnoDB DEFAULT CHARSET=utf8 COLLATE=utf8_unicode_ci;

-- --------------------------------------------------------

--
-- Table structure for table `migrations`
--

DROP TABLE IF EXISTS `migrations`;
CREATE TABLE IF NOT EXISTS `migrations` (
  `migration` varchar(255) COLLATE utf8_unicode_ci NOT NULL,
  `batch` int(11) NOT NULL
) ENGINE=InnoDB DEFAULT CHARSET=utf8 COLLATE=utf8_unicode_ci;

--
-- Dumping data for table `migrations`
--

INSERT INTO `migrations` (`migration`, `batch`) VALUES
('2014_10_12_000000_create_users_table', 1),
('2014_10_12_100000_create_password_resets_table', 1),
('2017_01_05_002036_tbl_profile', 1),
('2017_01_05_014136_tbl_location', 1),
('2017_01_05_024603_ProgramsAndServices', 1),
('2017_01_31_102009_FamilyProfile', 1),
('2017_02_07_151006_profileServices', 1),
('2017_02_13_092101_UserBarangay', 1),
('2017_02_14_111911_cases', 1),
('2017_02_15_101807_weight', 1),
('2017_02_15_101824_height', 1),
('2017_02_15_101834_profilecases', 1),
('2017_02_16_090012_FemaleStatus', 1),
('2017_03_09_163214_ServiceOption', 2);

-- --------------------------------------------------------

--
-- Table structure for table `muncity`
--

DROP TABLE IF EXISTS `muncity`;
CREATE TABLE IF NOT EXISTS `muncity` (
  `id` int(10) unsigned NOT NULL,
  `province_id` int(11) NOT NULL,
  `description` varchar(255) COLLATE utf8_unicode_ci NOT NULL,
  `created_at` timestamp NULL DEFAULT NULL,
  `updated_at` timestamp NULL DEFAULT NULL
) ENGINE=InnoDB AUTO_INCREMENT=133 DEFAULT CHARSET=utf8 COLLATE=utf8_unicode_ci;

--
-- Dumping data for table `muncity`
--

INSERT INTO `muncity` (`id`, `province_id`, `description`, `created_at`, `updated_at`) VALUES
(1, 1, 'Alburquerque', NULL, NULL),
(2, 1, 'Alicia', NULL, NULL),
(3, 1, 'Anda', NULL, NULL),
(4, 1, 'Antequera', NULL, NULL),
(5, 1, 'Baclayon', NULL, NULL),
(6, 1, 'Balilihan', NULL, NULL),
(7, 1, 'Batuan', NULL, NULL),
(8, 1, 'Bien Unido', NULL, NULL),
(9, 1, 'Bilar', NULL, NULL),
(10, 1, 'Buenavista', NULL, NULL),
(11, 1, 'Calape', NULL, NULL),
(12, 1, 'Candijay', NULL, NULL),
(13, 1, 'Carmen', NULL, NULL),
(14, 1, 'Catigbian', NULL, NULL),
(15, 1, 'Clarin', NULL, NULL),
(16, 1, 'Corella', NULL, NULL),
(17, 1, 'Cortes', NULL, NULL),
(18, 1, 'Dagohoy', NULL, NULL),
(19, 1, 'Danao', NULL, NULL),
(20, 1, 'Dauis', NULL, NULL),
(21, 1, 'Dimiao', NULL, NULL),
(22, 1, 'Duero', NULL, NULL),
(23, 1, 'Garcia Hernandez', NULL, NULL),
(24, 1, 'Guindulman', NULL, NULL),
(25, 1, 'Inabanga', NULL, NULL),
(26, 1, 'Jagna', NULL, NULL),
(27, 1, 'Jetafe', NULL, NULL),
(28, 1, 'Lila', NULL, NULL),
(29, 1, 'Loay', NULL, NULL),
(30, 1, 'Loboc', NULL, NULL),
(31, 1, 'Loon', NULL, NULL),
(32, 1, 'Mabini', NULL, NULL),
(33, 1, 'Maribojoc', NULL, NULL),
(34, 1, 'Panglao', NULL, NULL),
(35, 1, 'Pilar', NULL, NULL),
(36, 1, 'Pres. Carlos P. Garcia (pitogo)', NULL, NULL),
(37, 1, 'Sagbayan (borja)', NULL, NULL),
(38, 1, 'San Isidro', NULL, NULL),
(39, 1, 'San Miguel', NULL, NULL),
(40, 1, 'Sevilla', NULL, NULL),
(41, 1, 'Sierra Bullones', NULL, NULL),
(42, 1, 'Sikatuna', NULL, NULL),
(43, 1, 'Tagbilaran City (Capital)', NULL, NULL),
(44, 1, 'Talibon', NULL, NULL),
(45, 1, 'Trinidad', NULL, NULL),
(46, 1, 'Tubigon', NULL, NULL),
(47, 1, 'Ubay', NULL, NULL),
(48, 1, 'Valencia', NULL, NULL),
(49, 2, 'Alcantara', NULL, NULL),
(50, 2, 'Alcoy', NULL, NULL),
(51, 2, 'Alegria', NULL, NULL),
(52, 2, 'Aloguinsan', NULL, NULL),
(53, 2, 'Argao', NULL, NULL),
(54, 2, 'Asturias', NULL, NULL),
(55, 2, 'Badian', NULL, NULL),
(56, 2, 'Balamban', NULL, NULL),
(57, 2, 'Bantayan', NULL, NULL),
(58, 2, 'Barili', NULL, NULL),
(59, 2, 'Boljoon', NULL, NULL),
(60, 2, 'Borbon', NULL, NULL),
(61, 2, 'Carmen', NULL, NULL),
(62, 2, 'Catmon', NULL, NULL),
(63, 2, 'Cebu City (Capital)', NULL, NULL),
(64, 2, 'City Of Bogo', NULL, NULL),
(65, 2, 'City Of Carcar', NULL, NULL),
(66, 2, 'City Of Naga', NULL, NULL),
(67, 2, 'City Of Talisay', NULL, NULL),
(68, 2, 'Compostela', NULL, NULL),
(69, 2, 'Consolacion', NULL, NULL),
(70, 2, 'Cordova', NULL, NULL),
(71, 2, 'Daanbantayan', NULL, NULL),
(72, 2, 'Dalaguete', NULL, NULL),
(73, 2, 'Danao City', NULL, NULL),
(74, 2, 'Dumanjug', NULL, NULL),
(75, 2, 'Ginatilan', NULL, NULL),
(76, 2, 'Lapu-lapu City (opon)', NULL, NULL),
(77, 2, 'Liloan', NULL, NULL),
(78, 2, 'Madridejos', NULL, NULL),
(79, 2, 'Malabuyoc', NULL, NULL),
(80, 2, 'Mandaue City', NULL, NULL),
(81, 2, 'Medellin', NULL, NULL),
(82, 2, 'Minglanilla', NULL, NULL),
(83, 2, 'Moalboal', NULL, NULL),
(84, 2, 'Oslob', NULL, NULL),
(85, 2, 'Pilar', NULL, NULL),
(86, 2, 'Pinamungahan', NULL, NULL),
(87, 2, 'Poro', NULL, NULL),
(88, 2, 'Ronda', NULL, NULL),
(89, 2, 'Samboan', NULL, NULL),
(90, 2, 'San Fernando', NULL, NULL),
(91, 2, 'San Francisco', NULL, NULL),
(92, 2, 'San Remigio', NULL, NULL),
(93, 2, 'Santa Fe', NULL, NULL),
(94, 2, 'Santander', NULL, NULL),
(95, 2, 'Sibonga', NULL, NULL),
(96, 2, 'Sogod', NULL, NULL),
(97, 2, 'Tabogon', NULL, NULL),
(98, 2, 'Tabuelan', NULL, NULL),
(99, 2, 'Toledo City', NULL, NULL),
(100, 2, 'Tuburan', NULL, NULL),
(101, 2, 'Tudela', NULL, NULL),
(127, 4, 'Enrique Villanueva', NULL, NULL),
(128, 4, 'Larena', NULL, NULL),
(129, 4, 'Lazi', NULL, NULL),
(130, 4, 'Maria', NULL, NULL),
(131, 4, 'San Juan', NULL, NULL),
(132, 4, 'Siquijor (Capital)', NULL, NULL);

-- --------------------------------------------------------

--
-- Table structure for table `password_resets`
--

DROP TABLE IF EXISTS `password_resets`;
CREATE TABLE IF NOT EXISTS `password_resets` (
  `email` varchar(255) COLLATE utf8_unicode_ci NOT NULL,
  `token` varchar(255) COLLATE utf8_unicode_ci NOT NULL,
  `created_at` timestamp NOT NULL DEFAULT CURRENT_TIMESTAMP ON UPDATE CURRENT_TIMESTAMP
) ENGINE=InnoDB DEFAULT CHARSET=utf8 COLLATE=utf8_unicode_ci;

-- --------------------------------------------------------

--
-- Table structure for table `profile`
--

DROP TABLE IF EXISTS `profile`;
CREATE TABLE IF NOT EXISTS `profile` (
  `id` int(10) unsigned NOT NULL,
  `familyID` int(11) NOT NULL,
  `head` varchar(255) COLLATE utf8_unicode_ci NOT NULL,
  `relation` varchar(255) COLLATE utf8_unicode_ci NOT NULL,
  `fname` varchar(255) COLLATE utf8_unicode_ci NOT NULL,
  `mname` varchar(255) COLLATE utf8_unicode_ci NOT NULL,
  `lname` varchar(255) COLLATE utf8_unicode_ci NOT NULL,
  `suffix` varchar(255) COLLATE utf8_unicode_ci NOT NULL,
  `dob` date NOT NULL,
  `sex` char(255) COLLATE utf8_unicode_ci NOT NULL,
  `barangay_id` int(11) NOT NULL,
  `muncity_id` int(11) NOT NULL,
  `province_id` int(11) NOT NULL,
  `created_at` timestamp NULL DEFAULT CURRENT_TIMESTAMP ON UPDATE CURRENT_TIMESTAMP,
  `updated_at` timestamp NULL DEFAULT CURRENT_TIMESTAMP ON UPDATE CURRENT_TIMESTAMP
) ENGINE=InnoDB DEFAULT CHARSET=utf8 COLLATE=utf8_unicode_ci;

-- --------------------------------------------------------

--
-- Table structure for table `profilecases`
--

DROP TABLE IF EXISTS `profilecases`;
CREATE TABLE IF NOT EXISTS `profilecases` (
  `id` int(10) unsigned NOT NULL,
  `dateProfile` date NOT NULL,
  `profile_id` int(11) NOT NULL,
  `barangay_id` int(11) NOT NULL,
  `muncity_id` int(11) NOT NULL,
  `bracket_id` int(11) NOT NULL,
  `case_id` int(11) NOT NULL,
  `created_at` timestamp NULL DEFAULT CURRENT_TIMESTAMP ON UPDATE CURRENT_TIMESTAMP,
  `updated_at` timestamp NULL DEFAULT CURRENT_TIMESTAMP ON UPDATE CURRENT_TIMESTAMP
) ENGINE=InnoDB DEFAULT CHARSET=utf8 COLLATE=utf8_unicode_ci;

-- --------------------------------------------------------

--
-- Table structure for table `profileservices`
--

DROP TABLE IF EXISTS `profileservices`;
CREATE TABLE IF NOT EXISTS `profileservices` (
  `id` int(10) unsigned NOT NULL,
  `dateProfile` date NOT NULL,
  `profile_id` int(11) NOT NULL,
  `service_id` int(11) NOT NULL,
  `bracket_id` int(11) NOT NULL,
  `barangay_id` int(11) NOT NULL,
  `muncity_id` int(11) NOT NULL,
  `created_at` timestamp NULL DEFAULT CURRENT_TIMESTAMP ON UPDATE CURRENT_TIMESTAMP,
  `updated_at` timestamp NULL DEFAULT CURRENT_TIMESTAMP ON UPDATE CURRENT_TIMESTAMP
) ENGINE=InnoDB DEFAULT CHARSET=utf8 COLLATE=utf8_unicode_ci;

-- --------------------------------------------------------

--
-- Table structure for table `province`
--

DROP TABLE IF EXISTS `province`;
CREATE TABLE IF NOT EXISTS `province` (
  `id` int(10) unsigned NOT NULL,
  `description` varchar(255) COLLATE utf8_unicode_ci NOT NULL,
  `created_at` timestamp NULL DEFAULT NULL,
  `updated_at` timestamp NULL DEFAULT NULL
) ENGINE=InnoDB AUTO_INCREMENT=5 DEFAULT CHARSET=utf8 COLLATE=utf8_unicode_ci;

--
-- Dumping data for table `province`
--

INSERT INTO `province` (`id`, `description`, `created_at`, `updated_at`) VALUES
(1, 'Bohol', NULL, NULL),
(2, 'Cebu', NULL, NULL),
(4, 'Siquijor', NULL, NULL);

-- --------------------------------------------------------

--
-- Table structure for table `serviceoption`
--

DROP TABLE IF EXISTS `serviceoption`;
CREATE TABLE IF NOT EXISTS `serviceoption` (
  `id` int(10) unsigned NOT NULL,
  `dateProfile` date NOT NULL,
  `profile_id` int(11) NOT NULL,
  `barangay_id` int(11) NOT NULL,
  `muncity_id` int(11) NOT NULL,
  `option` varchar(255) COLLATE utf8_unicode_ci NOT NULL,
  `status` int(11) NOT NULL,
  `created_at` timestamp NULL DEFAULT CURRENT_TIMESTAMP ON UPDATE CURRENT_TIMESTAMP,
  `updated_at` timestamp NULL DEFAULT CURRENT_TIMESTAMP ON UPDATE CURRENT_TIMESTAMP
) ENGINE=InnoDB DEFAULT CHARSET=utf8 COLLATE=utf8_unicode_ci;

-- --------------------------------------------------------

--
-- Table structure for table `services`
--

DROP TABLE IF EXISTS `services`;
CREATE TABLE IF NOT EXISTS `services` (
  `id` int(10) unsigned NOT NULL,
  `code` varchar(255) COLLATE utf8_unicode_ci NOT NULL,
  `description` varchar(255) COLLATE utf8_unicode_ci NOT NULL,
  `created_at` timestamp NULL DEFAULT NULL,
  `updated_at` timestamp NULL DEFAULT NULL
) ENGINE=InnoDB AUTO_INCREMENT=28 DEFAULT CHARSET=utf8 COLLATE=utf8_unicode_ci;

--
-- Dumping data for table `services`
--

INSERT INTO `services` (`id`, `code`, `description`, `created_at`, `updated_at`) VALUES
(1, 'BP', 'Blood Pressure', NULL, NULL),
(2, 'WM', 'Weight Measurement', NULL, NULL),
(3, 'HM', 'Height Measurement', NULL, NULL),
(4, 'BT', 'Blood Typing', NULL, NULL),
(5, 'CBC', 'Complete Blood Count', NULL, NULL),
(6, 'URI', 'Urinalysis', NULL, NULL),
(7, 'FBS', 'Fasting Blood Sugar', NULL, NULL),
(8, 'SE', 'Stool Examination', NULL, NULL),
(9, 'EE', 'Eye Exam', NULL, NULL),
(10, 'ERE', 'Ear Exam', NULL, NULL),
(11, 'PE', 'Physical Exam', NULL, NULL),
(12, 'OS', 'Oral Services', NULL, NULL),
(13, 'HEPS', 'Health Education and Promotion Services', NULL, NULL),
(15, 'WUN', 'With Unmet Need', NULL, NULL),
(16, 'CNL', 'Counseling', NULL, NULL),
(17, 'CMD', 'Commodities', NULL, NULL),
(18, 'OB', 'Obese', NULL, NULL),
(21, 'SC', 'Screening', NULL, NULL),
(22, 'CNS', 'Drug Counseling', NULL, NULL),
(23, 'DT', 'Drug Testing', NULL, NULL),
(24, 'RR', 'Referral', NULL, NULL),
(25, 'BST', 'Blood Sugar Test', NULL, NULL),
(26, 'SPE', 'Sputum Examination', NULL, NULL),
(27, 'RBS', 'Random Blood Sugar', NULL, NULL);

-- --------------------------------------------------------

--
-- Table structure for table `userbrgy`
--

DROP TABLE IF EXISTS `userbrgy`;
CREATE TABLE IF NOT EXISTS `userbrgy` (
  `id` int(10) unsigned NOT NULL,
  `user_id` int(11) NOT NULL,
  `barangay_id` int(11) NOT NULL,
  `created_at` timestamp NULL DEFAULT NULL,
  `updated_at` timestamp NULL DEFAULT NULL
) ENGINE=InnoDB DEFAULT CHARSET=utf8 COLLATE=utf8_unicode_ci;

-- --------------------------------------------------------

--
-- Table structure for table `users`
--

DROP TABLE IF EXISTS `users`;
CREATE TABLE IF NOT EXISTS `users` (
  `id` int(10) unsigned NOT NULL,
  `fname` varchar(255) COLLATE utf8_unicode_ci NOT NULL,
  `mname` varchar(255) COLLATE utf8_unicode_ci NOT NULL,
  `lname` varchar(255) COLLATE utf8_unicode_ci NOT NULL,
  `muncity` int(11) NOT NULL,
  `province` int(11) NOT NULL,
  `username` varchar(50) COLLATE utf8_unicode_ci NOT NULL,
  `password` varchar(255) COLLATE utf8_unicode_ci NOT NULL,
  `contact` varchar(100) COLLATE utf8_unicode_ci NOT NULL,
  `user_priv` tinyint(1) NOT NULL,
  `remember_token` varchar(100) COLLATE utf8_unicode_ci DEFAULT NULL,
  `created_at` timestamp NULL DEFAULT NULL,
  `updated_at` timestamp NULL DEFAULT NULL
) ENGINE=InnoDB DEFAULT CHARSET=utf8 COLLATE=utf8_unicode_ci;

--
-- Indexes for dumped tables
--

--
-- Indexes for table `barangay`
--
ALTER TABLE `barangay`
  ADD PRIMARY KEY (`id`);

--
-- Indexes for table `brackets`
--
ALTER TABLE `brackets`
  ADD PRIMARY KEY (`id`);

--
-- Indexes for table `bracketservices`
--
ALTER TABLE `bracketservices`
  ADD PRIMARY KEY (`id`);

--
-- Indexes for table `cases`
--
ALTER TABLE `cases`
  ADD PRIMARY KEY (`id`);

--
-- Indexes for table `familyprofile`
--
ALTER TABLE `familyprofile`
  ADD PRIMARY KEY (`id`);

--
-- Indexes for table `femalestatus`
--
ALTER TABLE `femalestatus`
  ADD PRIMARY KEY (`id`);

--
-- Indexes for table `muncity`
--
ALTER TABLE `muncity`
  ADD PRIMARY KEY (`id`);

--
-- Indexes for table `password_resets`
--
ALTER TABLE `password_resets`
  ADD KEY `password_resets_email_index` (`email`),
  ADD KEY `password_resets_token_index` (`token`);

--
-- Indexes for table `profile`
--
ALTER TABLE `profile`
  ADD PRIMARY KEY (`id`);

--
-- Indexes for table `profilecases`
--
ALTER TABLE `profilecases`
  ADD PRIMARY KEY (`id`);

--
-- Indexes for table `profileservices`
--
ALTER TABLE `profileservices`
  ADD PRIMARY KEY (`id`);

--
-- Indexes for table `province`
--
ALTER TABLE `province`
  ADD PRIMARY KEY (`id`);

--
-- Indexes for table `serviceoption`
--
ALTER TABLE `serviceoption`
  ADD PRIMARY KEY (`id`);

--
-- Indexes for table `services`
--
ALTER TABLE `services`
  ADD PRIMARY KEY (`id`);

--
-- Indexes for table `userbrgy`
--
ALTER TABLE `userbrgy`
  ADD PRIMARY KEY (`id`);

--
-- Indexes for table `users`
--
ALTER TABLE `users`
  ADD PRIMARY KEY (`id`),
  ADD UNIQUE KEY `users_username_unique` (`username`);

--
-- AUTO_INCREMENT for dumped tables
--

--
-- AUTO_INCREMENT for table `barangay`
--
ALTER TABLE `barangay`
  MODIFY `id` int(10) unsigned NOT NULL AUTO_INCREMENT,AUTO_INCREMENT=3008;
--
-- AUTO_INCREMENT for table `brackets`
--
ALTER TABLE `brackets`
  MODIFY `id` int(10) unsigned NOT NULL AUTO_INCREMENT,AUTO_INCREMENT=9;
--
-- AUTO_INCREMENT for table `bracketservices`
--
ALTER TABLE `bracketservices`
  MODIFY `id` int(10) unsigned NOT NULL AUTO_INCREMENT,AUTO_INCREMENT=139;
--
-- AUTO_INCREMENT for table `cases`
--
ALTER TABLE `cases`
  MODIFY `id` int(10) unsigned NOT NULL AUTO_INCREMENT,AUTO_INCREMENT=12;
--
-- AUTO_INCREMENT for table `familyprofile`
--
ALTER TABLE `familyprofile`
  MODIFY `id` int(10) unsigned NOT NULL AUTO_INCREMENT;
--
-- AUTO_INCREMENT for table `femalestatus`
--
ALTER TABLE `femalestatus`
  MODIFY `id` int(10) unsigned NOT NULL AUTO_INCREMENT;
--
-- AUTO_INCREMENT for table `muncity`
--
ALTER TABLE `muncity`
  MODIFY `id` int(10) unsigned NOT NULL AUTO_INCREMENT,AUTO_INCREMENT=133;
--
-- AUTO_INCREMENT for table `profile`
--
ALTER TABLE `profile`
  MODIFY `id` int(10) unsigned NOT NULL AUTO_INCREMENT;
--
-- AUTO_INCREMENT for table `profilecases`
--
ALTER TABLE `profilecases`
  MODIFY `id` int(10) unsigned NOT NULL AUTO_INCREMENT;
--
-- AUTO_INCREMENT for table `profileservices`
--
ALTER TABLE `profileservices`
  MODIFY `id` int(10) unsigned NOT NULL AUTO_INCREMENT;
--
-- AUTO_INCREMENT for table `province`
--
ALTER TABLE `province`
  MODIFY `id` int(10) unsigned NOT NULL AUTO_INCREMENT,AUTO_INCREMENT=5;
--
-- AUTO_INCREMENT for table `serviceoption`
--
ALTER TABLE `serviceoption`
  MODIFY `id` int(10) unsigned NOT NULL AUTO_INCREMENT;
--
-- AUTO_INCREMENT for table `services`
--
ALTER TABLE `services`
  MODIFY `id` int(10) unsigned NOT NULL AUTO_INCREMENT,AUTO_INCREMENT=28;
--
-- AUTO_INCREMENT for table `userbrgy`
--
ALTER TABLE `userbrgy`
  MODIFY `id` int(10) unsigned NOT NULL AUTO_INCREMENT;
--
-- AUTO_INCREMENT for table `users`
--
ALTER TABLE `users`
  MODIFY `id` int(10) unsigned NOT NULL AUTO_INCREMENT;
/*!40101 SET CHARACTER_SET_CLIENT=@OLD_CHARACTER_SET_CLIENT */;
/*!40101 SET CHARACTER_SET_RESULTS=@OLD_CHARACTER_SET_RESULTS */;
/*!40101 SET COLLATION_CONNECTION=@OLD_COLLATION_CONNECTION */;
